-- phpMyAdmin SQL Dump
-- version 4.7.4
-- https://www.phpmyadmin.net/
--
-- Host: 127.0.0.1
-- Generation Time: Mar 15, 2018 at 05:17 AM
-- Server version: 10.1.30-MariaDB
-- PHP Version: 7.2.1

SET SQL_MODE = "NO_AUTO_VALUE_ON_ZERO";
SET AUTOCOMMIT = 0;
START TRANSACTION;
SET time_zone = "+00:00";


/*!40101 SET @OLD_CHARACTER_SET_CLIENT=@@CHARACTER_SET_CLIENT */;
/*!40101 SET @OLD_CHARACTER_SET_RESULTS=@@CHARACTER_SET_RESULTS */;
/*!40101 SET @OLD_COLLATION_CONNECTION=@@COLLATION_CONNECTION */;
/*!40101 SET NAMES utf8mb4 */;

--
-- Database: `pos`
--

-- --------------------------------------------------------

--
-- Table structure for table `bill`
--

CREATE TABLE `bill` (
  `id_bill` int(11) NOT NULL,
  `price` int(11) NOT NULL,
  `pay` int(11) NOT NULL,
  `withdraw` int(11) NOT NULL,
  `datetime` timestamp NOT NULL DEFAULT CURRENT_TIMESTAMP ON UPDATE CURRENT_TIMESTAMP
) ENGINE=InnoDB DEFAULT CHARSET=latin1;

--
-- Dumping data for table `bill`
--

INSERT INTO `bill` (`id_bill`, `price`, `pay`, `withdraw`, `datetime`) VALUES
(4, 1500, 1340, 160, '2018-01-27 07:10:19'),
(5, 400, 350, 50, '2018-01-27 07:12:43'),
(6, 1000, 670, 330, '2018-01-27 07:14:29'),
(7, 2000, 1915, 85, '2018-01-27 07:19:26'),
(8, 600, 560, 40, '2018-01-28 06:58:59'),
(9, 550, 540, 10, '2018-01-28 07:04:18'),
(10, 90, 85, 5, '2018-01-29 08:41:09'),
(11, 500, 220, 280, '2018-02-02 06:58:19'),
(12, 1000, 895, 105, '2018-02-09 07:33:11'),
(13, 350, 350, 0, '2018-02-09 07:36:06'),
(14, 1250, 1220, 30, '2018-02-09 07:38:32'),
(15, 300, 240, 60, '2018-02-11 05:13:59'),
(16, 100, 96, 4, '2018-02-11 05:17:42'),
(17, 2500, 2263, 237, '2018-02-11 05:33:05'),
(18, 2200, 2125, 75, '2018-03-12 07:20:35'),
(19, 600, 520, 80, '2018-03-12 07:22:55'),
(20, 6000, 5888, 112, '2018-03-12 07:24:57'),
(21, 40, 38, 2, '2018-03-12 07:35:03'),
(22, 150, 130, 20, '2018-03-12 07:37:01'),
(23, 150, 120, 30, '2018-03-12 09:34:22'),
(24, 23000, 22744, 256, '2018-03-13 08:22:51');

-- --------------------------------------------------------

--
-- Table structure for table `group_product`
--

CREATE TABLE `group_product` (
  `group_id` int(11) NOT NULL,
  `group_name` varchar(255) NOT NULL
) ENGINE=InnoDB DEFAULT CHARSET=utf8;

--
-- Dumping data for table `group_product`
--

INSERT INTO `group_product` (`group_id`, `group_name`) VALUES
(1, 'ตะปู'),
(3, 'น๊อต'),
(4, 'เหล็ก'),
(5, 'ก๊อกน้ำ'),
(6, 'สุขภัณฑ์/อุปกรณ์ห้องน้ำ'),
(7, 'เครื่องมือช่าง'),
(8, 'ท่อพีวีซี/ข้อต่อพีวีซี'),
(9, 'ประตู/หน้าต่าง/อุปกรณ์'),
(10, 'ทั่วไป'),
(11, 'ปูน'),
(12, 'ยาแนว'),
(13, 'กาว'),
(14, 'สี'),
(15, 'ซิลิโคน/ปลั๊ก/อีพ็อกซี่/อุดรอยรั่วรอยร้าว'),
(16, 'ไฟฟ้า'),
(17, 'หิน'),
(18, 'ทราย'),
(19, 'เกษตร'),
(20, 'อิฐ');

-- --------------------------------------------------------

--
-- Table structure for table `listbuy`
--

CREATE TABLE `listbuy` (
  `id_buy` int(11) NOT NULL,
  `id_bill` int(11) NOT NULL,
  `id_product` int(11) NOT NULL,
  `qty` int(11) NOT NULL,
  `datetime` timestamp NOT NULL DEFAULT CURRENT_TIMESTAMP ON UPDATE CURRENT_TIMESTAMP
) ENGINE=InnoDB DEFAULT CHARSET=latin1;

--
-- Dumping data for table `listbuy`
--

INSERT INTO `listbuy` (`id_buy`, `id_bill`, `id_product`, `qty`, `datetime`) VALUES
(7, 1, 8, 2, '2018-01-27 07:10:19'),
(8, 1, 7, 2, '2018-01-27 07:10:19'),
(9, 5, 8, 1, '2018-01-27 07:12:43'),
(10, 6, 8, 1, '2018-01-27 07:14:29'),
(11, 6, 7, 1, '2018-01-27 07:14:29'),
(12, 7, 9, 3, '2018-01-27 07:19:27'),
(13, 7, 8, 2, '2018-01-27 07:19:27'),
(14, 7, 7, 3, '2018-01-27 07:19:27'),
(15, 8, 29, 1, '2018-01-28 06:58:59'),
(16, 8, 14, 1, '2018-01-28 06:59:00'),
(17, 8, 25, 1, '2018-01-28 06:59:01'),
(18, 8, 27, 1, '2018-01-28 06:59:01'),
(19, 9, 27, 1, '2018-01-28 07:04:18'),
(20, 9, 13, 1, '2018-01-28 07:04:18'),
(21, 9, 11, 1, '2018-01-28 07:04:18'),
(22, 9, 20, 1, '2018-01-28 07:04:19'),
(23, 10, 51, 1, '2018-01-29 08:41:10'),
(24, 11, 112, 1, '2018-02-02 06:58:19'),
(25, 11, 113, 1, '2018-02-02 06:58:20'),
(26, 12, 230, 1, '2018-02-09 07:33:12'),
(27, 12, 229, 1, '2018-02-09 07:33:12'),
(28, 12, 188, 1, '2018-02-09 07:33:12'),
(29, 12, 211, 1, '2018-02-09 07:33:12'),
(30, 12, 225, 1, '2018-02-09 07:33:12'),
(31, 12, 184, 1, '2018-02-09 07:33:12'),
(32, 12, 224, 1, '2018-02-09 07:33:12'),
(33, 12, 194, 1, '2018-02-09 07:33:12'),
(34, 12, 195, 1, '2018-02-09 07:33:13'),
(35, 13, 185, 1, '2018-02-09 07:36:06'),
(36, 14, 217, 1, '2018-02-09 07:38:32'),
(37, 14, 184, 1, '2018-02-09 07:38:33'),
(38, 14, 211, 1, '2018-02-09 07:38:33'),
(39, 14, 186, 1, '2018-02-09 07:38:33'),
(40, 14, 193, 1, '2018-02-09 07:38:33'),
(41, 14, 192, 1, '2018-02-09 07:38:33'),
(42, 14, 222, 1, '2018-02-09 07:38:33'),
(43, 14, 226, 1, '2018-02-09 07:38:34'),
(44, 14, 199, 1, '2018-02-09 07:38:34'),
(45, 14, 223, 1, '2018-02-09 07:38:34'),
(46, 14, 227, 1, '2018-02-09 07:38:34'),
(47, 15, 253, 5, '2018-02-11 05:13:59'),
(48, 16, 254, 2, '2018-02-11 05:17:42'),
(49, 17, 254, 1, '2018-02-11 05:33:05'),
(50, 17, 255, 1, '2018-02-11 05:33:06'),
(51, 17, 256, 1, '2018-02-11 05:33:06'),
(52, 17, 257, 1, '2018-02-11 05:33:06'),
(53, 17, 258, 1, '2018-02-11 05:33:06'),
(54, 17, 259, 1, '2018-02-11 05:33:06'),
(55, 17, 260, 1, '2018-02-11 05:33:06'),
(56, 17, 261, 1, '2018-02-11 05:33:06'),
(57, 17, 262, 1, '2018-02-11 05:33:06'),
(58, 17, 263, 1, '2018-02-11 05:33:07'),
(59, 17, 264, 1, '2018-02-11 05:33:07'),
(60, 17, 265, 1, '2018-02-11 05:33:07'),
(61, 17, 266, 1, '2018-02-11 05:33:07'),
(62, 17, 267, 1, '2018-02-11 05:33:07'),
(63, 17, 268, 1, '2018-02-11 05:33:07'),
(64, 18, 427, 1, '2018-03-12 07:20:35'),
(65, 18, 438, 1, '2018-03-12 07:20:36'),
(66, 18, 436, 1, '2018-03-12 07:20:36'),
(67, 18, 446, 1, '2018-03-12 07:20:36'),
(68, 18, 484, 1, '2018-03-12 07:20:36'),
(69, 18, 482, 1, '2018-03-12 07:20:36'),
(70, 18, 522, 1, '2018-03-12 07:20:36'),
(71, 18, 534, 1, '2018-03-12 07:20:36'),
(72, 18, 536, 2, '2018-03-12 07:20:36'),
(73, 18, 514, 1, '2018-03-12 07:20:37'),
(74, 18, 266, 1, '2018-03-12 07:20:37'),
(75, 18, 279, 1, '2018-03-12 07:20:37'),
(76, 18, 270, 1, '2018-03-12 07:20:37'),
(77, 18, 284, 1, '2018-03-12 07:20:37'),
(78, 19, 521, 4, '2018-03-12 07:22:55'),
(79, 20, 510, 1, '2018-03-12 07:24:57'),
(80, 20, 516, 1, '2018-03-12 07:24:58'),
(81, 20, 517, 1, '2018-03-12 07:24:58'),
(82, 20, 533, 2, '2018-03-12 07:24:58'),
(83, 20, 529, 2, '2018-03-12 07:24:58'),
(84, 20, 523, 4, '2018-03-12 07:24:58'),
(85, 20, 506, 1, '2018-03-12 07:24:58'),
(86, 20, 485, 1, '2018-03-12 07:24:58'),
(87, 20, 483, 1, '2018-03-12 07:24:58'),
(88, 20, 503, 1, '2018-03-12 07:24:59'),
(89, 20, 497, 1, '2018-03-12 07:24:59'),
(90, 20, 306, 1, '2018-03-12 07:24:59'),
(91, 20, 310, 1, '2018-03-12 07:24:59'),
(92, 20, 301, 1, '2018-03-12 07:24:59'),
(93, 20, 302, 1, '2018-03-12 07:24:59'),
(94, 20, 279, 2, '2018-03-12 07:24:59'),
(95, 21, 480, 1, '2018-03-12 07:35:03'),
(96, 22, 482, 1, '2018-03-12 07:37:01'),
(97, 23, 519, 1, '2018-03-12 09:34:22'),
(98, 23, 520, 1, '2018-03-12 09:34:22'),
(99, 23, 516, 1, '2018-03-12 09:34:23'),
(100, 23, 513, 1, '2018-03-12 09:34:23'),
(101, 24, 344, 1, '2018-03-13 08:22:52'),
(102, 24, 314, 1, '2018-03-13 08:22:52'),
(103, 24, 316, 1, '2018-03-13 08:22:53'),
(104, 24, 323, 1, '2018-03-13 08:22:54'),
(105, 24, 416, 1, '2018-03-13 08:22:54'),
(106, 24, 330, 1, '2018-03-13 08:22:54'),
(107, 24, 334, 1, '2018-03-13 08:22:54'),
(108, 24, 337, 1, '2018-03-13 08:22:54'),
(109, 24, 306, 1, '2018-03-13 08:22:54'),
(110, 24, 302, 1, '2018-03-13 08:22:54'),
(111, 24, 298, 1, '2018-03-13 08:22:55'),
(112, 24, 295, 1, '2018-03-13 08:22:55'),
(113, 24, 294, 1, '2018-03-13 08:22:55'),
(114, 24, 293, 1, '2018-03-13 08:22:55'),
(115, 24, 292, 1, '2018-03-13 08:22:55'),
(116, 24, 290, 1, '2018-03-13 08:22:55'),
(117, 24, 288, 1, '2018-03-13 08:22:55'),
(118, 24, 279, 1, '2018-03-13 08:22:55'),
(119, 24, 274, 1, '2018-03-13 08:22:55'),
(120, 24, 269, 1, '2018-03-13 08:22:55'),
(121, 24, 261, 1, '2018-03-13 08:22:55'),
(122, 24, 266, 1, '2018-03-13 08:22:55'),
(123, 24, 271, 1, '2018-03-13 08:22:55'),
(124, 24, 254, 1, '2018-03-13 08:22:55'),
(125, 24, 409, 1, '2018-03-13 08:22:55'),
(126, 24, 385, 1, '2018-03-13 08:22:55'),
(127, 24, 364, 1, '2018-03-13 08:22:56'),
(128, 24, 346, 1, '2018-03-13 08:22:56'),
(129, 24, 538, 1, '2018-03-13 08:22:56'),
(130, 24, 542, 1, '2018-03-13 08:22:56'),
(131, 24, 546, 1, '2018-03-13 08:22:56'),
(132, 24, 554, 1, '2018-03-13 08:22:56'),
(133, 24, 437, 1, '2018-03-13 08:22:56'),
(134, 24, 420, 1, '2018-03-13 08:22:56'),
(135, 24, 422, 1, '2018-03-13 08:22:56'),
(136, 24, 456, 1, '2018-03-13 08:22:56'),
(137, 24, 467, 1, '2018-03-13 08:22:56'),
(138, 24, 581, 1, '2018-03-13 08:22:56'),
(139, 24, 584, 1, '2018-03-13 08:22:56'),
(140, 24, 504, 1, '2018-03-13 08:22:56'),
(141, 24, 575, 1, '2018-03-13 08:22:56'),
(142, 24, 484, 1, '2018-03-13 08:22:56'),
(143, 24, 480, 1, '2018-03-13 08:22:56'),
(144, 24, 490, 1, '2018-03-13 08:22:56'),
(145, 24, 533, 1, '2018-03-13 08:22:56'),
(146, 24, 521, 1, '2018-03-13 08:22:56'),
(147, 24, 529, 1, '2018-03-13 08:22:56'),
(148, 24, 513, 1, '2018-03-13 08:22:56'),
(149, 24, 511, 1, '2018-03-13 08:22:56'),
(150, 24, 519, 1, '2018-03-13 08:22:56'),
(151, 24, 675, 1, '2018-03-13 08:22:56');

-- --------------------------------------------------------

--
-- Table structure for table `member`
--

CREATE TABLE `member` (
  `User_id` int(11) NOT NULL,
  `username` varchar(255) NOT NULL,
  `password` varchar(255) NOT NULL,
  `status` enum('1','2','','') NOT NULL
) ENGINE=InnoDB DEFAULT CHARSET=latin1;

--
-- Dumping data for table `member`
--

INSERT INTO `member` (`User_id`, `username`, `password`, `status`) VALUES
(1, 'admin', '1234', '1');

-- --------------------------------------------------------

--
-- Table structure for table `office`
--

CREATE TABLE `office` (
  `id_office` int(11) NOT NULL,
  `offname_thai` varchar(155) CHARACTER SET utf8 NOT NULL,
  `offname_eng` varchar(155) CHARACTER SET utf8 NOT NULL,
  `off_tel` varchar(15) CHARACTER SET utf8 NOT NULL,
  `off_tel1` varchar(15) CHARACTER SET utf8 NOT NULL,
  `off_fex` varchar(15) CHARACTER SET utf8 NOT NULL,
  `off_detail` text CHARACTER SET utf8 NOT NULL,
  `user_contect` varchar(255) CHARACTER SET utf8 NOT NULL
) ENGINE=InnoDB DEFAULT CHARSET=latin1;

--
-- Dumping data for table `office`
--

INSERT INTO `office` (`id_office`, `offname_thai`, `offname_eng`, `off_tel`, `off_tel1`, `off_fex`, `off_detail`, `user_contect`) VALUES
(1, 'ศีไทย', '', '0902681080', '0902681080', '0902681080', '<p>บ้านเลขที่ 289 ต.ตะเคียน อ.ด่านขุทด จ.นครราชสีมา 30210 </p>', ''),
(2, 'เสริมสุข จำกัด', '-', '044-389-044', '090-268-1080', '044-389-045', '<p>บ้านเลขที่ 289 หมู่ 13 ต.ตะเคียน อ.ด่านขุนทด จ.นคราชสีมา 30210</p>\r\n', 'ไพศาล พิมพ์ประสาน'),
(3, 'โค้ก', 'Coca', '0-2616-5555', '0-2616-5555', '0-2616-5555', '<p>ไทยน้ำทิพย์ แมนูแฟคเจอริ่ง&nbsp;</p>\r\n', 'พรทิตย​์'),
(4, 'D-rox', 'D-rox', '02222222222', '02222222222', '', '<p>จ.พิจิตร</p>\r\n', 'โน๊ต'),
(5, 'นาปา จำกัด', '', '08123654145', '', '', '<p>68 ม.5</p>\r\n', 'ป่าน'),
(6, 'บริษัท อี๋เผิง จำกัด', '', '', '0846155573', '', '<p>302 ซ.อนามัย ถ.ศรีนครินทร์ แขวงสวนหลวง เขตสวนหลวง กทม. 10250</p>\r\n', 'ธนกฤต เชียงใหม่'),
(7, 'บริษัท กรีนเทค อิควิปเมนท์ จำกัด', '', '034119857', '', '034119858', '<p>84/21 ม.4 ต.บ้านเกาะ อ.เมืองสมุทรสาคร จ.สมุทรสาคร 74000</p>\r\n', ''),
(8, 'บริษัท ทีโอเอ เพ้นท์ (ประเทศไทย) จำกัด (มหาชน)', '', '', '', '023128923', '<p>31/2 ม.3 ถ.บางนาตราด ต.บางเสาธง อ.บางเสาธง จ.สมุทรปราการ 10570</p>\r\n', ''),
(9, 'บริษัท สุรสิทธิ์ค้าวัสดุ จำกัด', '', '', '', '', '<p>800/1 ม.9 ถ.ชมฐีระเวช ต.ทับคล้อ อ.ทับคล้อ จ.พิจิตร 66150</p>\r\n', ''),
(10, 'หจก. เทียนเพ็ง นำเข้าส่งออก', '', '028063311', '0843316668', '028063368', '<p>22/116 ม.6 มบ.มณฑล7 ถ.เลียบคลองทวีวัฒนา แขวงหลักสอง เขตบางแค กทม.10160</p>\r\n', ''),
(11, 'บริษัท ไทยพิพัฒน์อิมปอร์ต จำกัด', '', '', '', '', '<p>95/10-11 ซ.โปริสภา ถ.เจริญกรุง แขวงตลาดน้อย เขตสัมพันธวงศ์ กทม.10100</p>\r\n', ''),
(12, 'บริษัท สยามโกลบอลเฮ้าส์ จำกัด (มหาชน)', '', '', '', '', '<p>99/6 ม.10 ต.หนองกรด อ.เมืองนครสวรรค์ จ.นครสวรรค์ 60240</p>\r\n', ''),
(13, 'บริษัท สหปลื้ม จำกัด', '', '', '', '', '<p>6/18 ม.11 ถ.เทพารักษ์ ต.บางปลา อ.บางพลี จ.สมุทรปราการ 10540</p>\r\n', ''),
(14, 'บริษัท กระเบื้องโอฬาร จำกัด', '', '', '', '', '<p>28/5 ม.9 ถ.อุดมสรยุทร ต.เชียงรากน้อย อ.บางประอิน จ.พระนครศรีอยุธยา 13160</p>\r\n', ''),
(15, 'Eleggance', '', '', '', '', '', ''),
(16, '์No Name', '', '', '', '', '', ''),
(17, 'Stamp', '', '', '', '', '', ''),
(18, 'รักเกียรติ', '', '', '', '', '', ''),
(19, 'จระเข้', '', '', '', '', '', ''),
(20, 'SANWA', '', '', '', '', '', ''),
(21, 'WURTH', '', '', '', '', '', ''),
(22, 'ธงไชยไฟฟ้า ตะพานหิน', '', '', '', '', '', ''),
(23, 'IONE', '', '', '', '', '', ''),
(24, 'Panasonic', '', '', '', '', '', '');

-- --------------------------------------------------------

--
-- Table structure for table `product`
--

CREATE TABLE `product` (
  `id_product` int(11) NOT NULL,
  `id_group` int(20) NOT NULL,
  `name_product` varchar(255) CHARACTER SET utf8 NOT NULL,
  `product_barcode` varchar(255) CHARACTER SET utf8 NOT NULL,
  `price` int(10) NOT NULL,
  `price_vat` int(11) NOT NULL,
  `group_office` int(11) NOT NULL,
  `stock_product` int(11) NOT NULL
) ENGINE=InnoDB DEFAULT CHARSET=latin1;

--
-- Dumping data for table `product`
--

INSERT INTO `product` (`id_product`, `id_group`, `name_product`, `product_barcode`, `price`, `price_vat`, `group_office`, `stock_product`) VALUES
(11, 6, 'หัวฉีดชำระ สีฟ้า อเมซอน รุ่น H-003', '8854911002491', 80, 0, 0, 19),
(12, 6, 'หัวฉีดชำระ สีฟ้า อเมซอน รุ่น H-003', '8854911002491', 80, 0, 16, 19),
(13, 6, 'หัวฉีดชำระ สีขาว อเมซอน รุ่น H-003 W', '8854911002460', 80, 0, 16, 20),
(14, 6, 'หัวฉีดชำระ ชุปโครเมียม อเมซอน รุ่น H-011CR-T', '8854911008646', 100, 0, 16, 29),
(15, 6, 'หัวฝักบัวชำระชูก้า-สีฟ้า EG4019', '8853152040194', 70, 0, 15, 5),
(16, 6, 'หัวฝักบัวชำระชูก้า-สีชมพู EG4018', '8853152040187', 70, 0, 15, 6),
(17, 6, 'หัวฝักบัวชำระชูก้า-สีเขียว EG4017', '8853152040170', 70, 0, 15, 6),
(18, 6, 'หัวฝักบัวชำระชูก้า-สีขาว EG4229', '8853152042297', 70, 0, 15, 6),
(19, 6, 'ชุดสายฉีดชำระ สีขาว อเมซอน รุ่น A-001 T', '8854911003023', 120, 0, 16, 30),
(20, 6, 'ชุดสายฉีดชำระ สีขาว อเมซอน รุ่น A-002 T', '8854911001715', 120, 0, 16, 28),
(21, 6, 'ชุดฝักบัวชำระชูก้า สีเขียว EG4062', '8253152040680', 100, 0, 15, 11),
(22, 6, 'ชุดฝักบัวชำระชูก้า สีม่วง EG5073', '8853152050735', 100, 0, 15, 11),
(23, 6, 'ชุดฝักบัวชำระชูก้า สีฟ้า EG4064', '8853152040644', 100, 0, 15, 11),
(24, 6, 'ชุดฝักบัวชำระชูก้า สีขาวนม EG4228', '8853152042280', 100, 0, 15, 11),
(25, 6, 'ชุดฝักบัวชำระชูก้า สีชมพู EG4063', '8853152040637', 100, 0, 15, 11),
(27, 6, 'ชุดสายฉีดชำระ หัวกดทองเหลือง ชุปโครเมียม อเมซอน รุ่น AS-005 CR', '8854911003238', 260, 0, 16, 9),
(28, 6, 'ชุดสายฉีดชำระ หัวกดทองเหลือง ชุปโครเมียม อเมซอน รุ่น AS-007 CR', '8854911003252', 260, 0, 16, 1),
(29, 6, 'ชุดสายฉีดชำระ STAMP 905 สีขาว (กล่อง)', '27-20-01-905-1', 100, 0, 17, 12),
(30, 6, 'ชุดฝักบัวชำระ สปอร์ตไวท์ EGAB0205', '8853152037668', 220, 0, 15, 11),
(31, 6, 'ชุดฝักบัวชำระ ไดมอนด์ไวท์ EGAB0203', '8253152037680', 250, 0, 15, 9),
(32, 6, 'ชุดฝักบัวอาบน้ำสมายด์เกิลล์ สีขาว-ฟ้า EG4057', '8853152040576', 120, 0, 15, 9),
(33, 6, 'ชุดฝักบัวอาบน้ำสมายด์ สีขาว EG3063', '8853152030638', 120, 0, 15, 10),
(34, 6, 'ชุดฝักบัวอาบน้ำ 3 ระบบ AUDI FIVE 801-A', '18-01-01-01-01', 350, 0, 16, 18),
(35, 6, 'ชุดฝักบัวอาบน้ำสเลนเดอร์-ไวท์ EG5365', '8853152053651', 180, 0, 15, 18),
(36, 6, 'ชุดฝักบัวอาบน้ำ ปรับน้ำ 3 ระดับ อเมซอน A-403', '8854911003122', 250, 0, 16, 6),
(37, 6, 'ก็อก RNP อ่างแก้วครบชุด+ท่อน้ำทิ้งท.ลชุบ#01', '0108000417', 350, 0, 17, 11),
(38, 6, 'อุปกรณ์อ่างล้างหน้าชุดกลาง DROX', '11225976845799', 350, 0, 18, 16),
(40, 5, 'ก็อกซิงค์ผนังแบบหางปลา RNP#RN704', '0108000704', 250, 0, 17, 15),
(41, 5, 'ก๊อกซิงค์ออกผนัง ใบปัด+เทป DROX', '654784222', 220, 0, 18, 3),
(42, 5, 'ก๊อกอ่างงวงช้าง ฝังกำแพง', '8858995907567', 380, 0, 16, 2),
(43, 5, 'ก๊อกอ่างงวงช้าง ฝังพื้น', '8858995907550', 380, 0, 16, 12),
(44, 5, 'ก๊อกอ่างหูกระต่าย RNP#RN 103', '0108000103', 180, 0, 17, 4),
(45, 5, 'ก๊อกคอสั้นสนาม RNP#RN 22', '0108000422', 100, 0, 17, 5),
(46, 5, 'ก๊อกล้างพื้นก้านแบนตรง RNP#RN 402', '0108000402', 150, 0, 17, 9),
(47, 5, 'ก๊อกต่อฝักบัว #313-1 MAGA ONE', '855457007845', 130, 0, 16, 13),
(48, 6, 'ชุดท่อน้ำทิ้ง เซ็ทประะหยัด PRO39', '0115499593298116', 300, 0, 15, 0),
(49, 5, 'ก๊อกต่อฝักบัวใบพายขอบทอง RNP#RN 11/2', '010800011/2', 100, 0, 17, 2),
(50, 9, 'ชุดหน้าต่าง NO.01', '11225976845798', 220, 0, 18, 40),
(51, 9, 'ชุดหน้าต่าง NO.04', '11225976845801', 85, 0, 18, 59),
(52, 9, 'กลอนจัมโบ้ ABS 4\" เทา-ครีม', '6745678975445', 45, 0, 16, 48),
(53, 5, 'ก๊อกกดปัสสาวะ  STAMP RNP#RNUF-47', '0108000001', 300, 0, 17, 3),
(54, 5, 'ก๊อกกดปัสสาวะชาย ทองเหลือง EG3533', '8853152035336', 300, 0, 15, 2),
(55, 10, 'สายน้ำทิ้งอเนกประสงค์ (ท่อย่น) ยาว 165 cm', '8852272252289', 80, 0, 16, 6),
(56, 10, 'สายน้ำทิ้ง (ท่อย่นสีต่าง)', '8852272101242', 120, 0, 16, 14),
(57, 5, 'ก๊อกซิงค์ยืนแบบหางปลา RNP#RN705', '010800042/2', 280, 0, 17, 13),
(58, 9, 'BEN-HUR ลูกบิดประตู   BHC2000PS-B*P', '8859105109765', 300, 0, 16, 0),
(59, 9, 'BEN-HUR ลูกบิดประตู   BHC2000AC-B*P', '8859105109680', 350, 0, 16, 0),
(60, 9, 'ลูกบิดประตู KINZO', '8858737211013', 150, 0, 16, 0),
(61, 12, 'กาวยาแนว จระเข้ สีเทาแกรนิต 0774', '8852278007746', 60, 0, 19, 0),
(62, 12, 'กาวยาแนว จระเข้ สีฟ้ารุ่งอรุณ 0741', '8852278007418', 60, 0, 19, 0),
(63, 12, 'กาวยาแนว จระเข้ สีฟ้าน้ำทะเล 0746', '8852278007463', 80, 0, 19, 0),
(64, 12, 'กาวยาแนว จระเข้ สีศิลาแลง 0762', '8852278007623', 60, 0, 19, 0),
(65, 12, 'กาวยาแนว จระเข้ สีเขียวตองอ่อน 0731', '8852278007319', 60, 0, 19, 0),
(66, 12, 'กาวยาแนว จระเข้ สีฟ้าอ่อน 0740', '8852278007401', 60, 0, 19, 0),
(67, 12, 'กาวยาแนว จระเข้ สีขาวไข่มุก 0710', '8852278007104', 60, 0, 19, 0),
(68, 12, 'กาวยาแนว จระเข้ สีไข่ไก่ 0760', '8852278007609', 60, 0, 19, 0),
(69, 12, 'กาวยาแนว จระเข้ สีน้ำตาลเนื้อทอง 0768', '8852278007685', 60, 0, 19, 0),
(70, 12, 'กาวยาแนว จระเข้ สีครีมงาช้าง 0721', '8852278007210', 60, 0, 19, 0),
(71, 12, 'กาวยาแนว จระเข้ สีดำลิกไนต์ 0779', '8852278007791', 60, 0, 19, 0),
(72, 12, 'กาวยาแนว จระเข้ สีอิฐดินเผา 0765', '8852278007654', 60, 0, 19, 0),
(73, 12, 'กาวยาแนว จระเข้ สีชมพู 0753', '8852278007531', 60, 0, 19, 0),
(74, 12, 'กาวยาแนว ตราเสือ สีเบจ CR132', '8852437300275', 20, 0, 16, 0),
(75, 12, 'กาวยาแนว ตราเสือ สีครีม CR131', '8852437300268', 20, 0, 16, 0),
(76, 12, 'กาวยาแนว ตราเสือ สีฟ้า BL151', '8852437300299', 30, 0, 16, 0),
(77, 12, 'กาวยาแนว ตราเสือ สีชมพู PK141', '8852437300282', 20, 0, 16, 0),
(78, 12, 'กาวยาแนว SUPER CHAMP สีเหลืองอ่อน คลาสสิค CS022', '8854349450222', 20, 0, 16, 0),
(79, 12, 'กาวยาแนว SUPER CHAMP สีฟ้าบอลลูน โกลด์ G213', '8854349502136', 40, 0, 16, 0),
(80, 1, 'กาวยาแนว SUPER CHAMP สีชมพู คลาสสิค CS004', '8854349450048', 20, 0, 16, 0),
(81, 12, 'กาวยาแนว ตราเดพโก้แชมป์ สีครีมข้าวโพด', '8854346003506', 20, 0, 16, 0),
(82, 10, 'โซดาไฟ (โซเดียม ไฮดรอกไซด์) DRAGA', '8853315000607', 80, 0, 16, 0),
(83, 10, 'หัวเชื้อจุลินทรีย์ WAVE SEED ขนาด 1 KG.', '28042591000', 150, 0, 16, 0),
(84, 12, 'กาวยาแนว Weber ตุ๊กแก สีโอโรส G-19', '8855401000195', 50, 0, 16, 0),
(85, 12, 'กาวยาแนว Weber ตุ๊กแก สีชมพู G-13', '8855401000133', 50, 0, 16, 0),
(86, 12, 'กาวยาแนว Weber ตุ๊กแก สีขาว G-01', '8855401000010', 50, 0, 16, 0),
(87, 12, 'กาวยาแนว Weber ตุ๊กแก สีเทา G-04', '8855401000041', 50, 0, 16, 0),
(88, 12, 'กาวยาแนว Weber ตุ๊กแก สีฟ้าอ่อน G-06', '8855401000065', 50, 0, 16, 0),
(89, 12, 'กาวยาแนวชาละวัน สีเขียวก้านตอง 0333', '8852278003335', 20, 0, 19, 0),
(90, 12, 'กาวยาแนวชาละวัน สีชมพูชวนชม 0353', '8852278003533', 20, 0, 19, 0),
(91, 12, 'กาวยาแนวชาละวัน สีอิฐมอญ 0365', '8852578003656', 20, 0, 19, 0),
(92, 12, 'กาวยาแนวชาละวัน สีน้ำตาลเปลืกไม้ 0369', '8852278003694', 20, 0, 19, 0),
(93, 12, 'กาวยาแนวชาละวัน สีแดงตะวัน', '8852278003564', 20, 0, 19, 0),
(94, 12, 'กาวยาแนวชาละวัน สีน้ำตาลรวงผึ้ง 0362', '8852278003625', 20, 0, 19, 0),
(95, 12, 'กาวยาแนวชาละวัน สีครีมจำปี 0321', '8852278003212', 20, 0, 19, 0),
(96, 12, 'กาวยาแนวชาละวัน สีดำราตรี 0379', '8852278003793', 20, 0, 19, 0),
(97, 12, 'กาวยาแนวชาละวัน สีขาวมะลิวัลย์  0310', '8852278003106', 20, 0, 19, 0),
(98, 12, 'กาวยาแนวชาละวัน สีฟ้ารุ่งนภา 0341', '8852278003410', 30, 0, 19, 0),
(99, 12, 'กาวยาแนวชาละวัน สีเทาพิราบ 0373', '8852278003731', 20, 0, 19, 0),
(100, 12, 'กาวยาแนวชาละวัน สีฟ้าอำไพ 0346', '8852278003465', 30, 0, 19, 0),
(101, 12, 'กาวยาแนวชาละวัน สีเหลืองกระดังงา 0363', '8852278003632', 20, 0, 19, 0),
(106, 13, 'กาวลาเท็กซ์ TOA 8 ออนซ์', '8850106095033', 30, 0, 16, 0),
(107, 13, 'กาวลาเท็กซ์ TOA 4 ออนซ์', '8850106095026', 20, 0, 16, 0),
(108, 13, 'กาวลาเท็กซ์ TOA 32 ออนซ์', '8850106095057', 60, 0, 16, 0),
(109, 13, 'กาวลาเท็กซ์ TOA 16 ออนซ์', '8850106095040', 40, 0, 16, 0),
(110, 13, 'กาวทาท่อพีวีซี P S-LON', '8858812680505', 15, 0, 16, 0),
(111, 10, 'ล้อฉากเหล็ก 3\"x1\" RTS 0013', '8858880400784', 120, 0, 16, 0),
(112, 10, 'ล้อร่องฉากเหล็กเหนียว (ลูกปืนญี่ปุ่น) 3\" ฝาปิด', '8859168200782', 120, 0, 16, 0),
(113, 10, 'ล้อฉากเหล็กเหนียว (ฝาปิด) 2 1 /2\"', '8859168200775', 100, 0, 16, 0),
(114, 10, 'ล้อร่องฉากเหล็กเหนียว (ลูกปืนญี่ปุ่น) 4\"', '8859168200812', 220, 0, 16, 0),
(115, 10, 'มาตรวัดน้ำ แรมโบ้ 1/2\"', '8858799701033', 350, 0, 20, 0),
(116, 10, 'มาตรวัดน้ำ SANWA 1/2\"', '8858799701019', 380, 0, 20, 0),
(117, 14, 'สีน้ำมันเป็ดหงส์  M330 (Orchid Violet) 0.875 L', '8850106982081', 120, 0, 8, 0),
(118, 14, 'สีน้ำมันเป็ดหงส์  M156 (Sky Blue) 0.875 L', '8850106018292', 120, 0, 8, 0),
(119, 14, 'สีน้ำมันเป็ดหงส์  M654 (Tropicana) 0.875 L', '8850106019237', 120, 0, 8, 0),
(120, 14, 'สีน้ำมันเป็ดหงส์  M655 (Spring Green) 0.875 L', '8850106019299', 120, 0, 8, 0),
(121, 14, 'สีน้ำมันเป็ดหงส์  M877 (Navy Blue) 0.875 L', '8850106019619', 120, 0, 8, 0),
(122, 14, 'สีน้ำมันเป็ดหงส์  M711 (Zircon Blue) 0.875 L', '8850106019503', 120, 0, 8, 0),
(123, 14, 'สีน้ำมันเป็ดหงส์  M303 (Parade Blue) 0.875 L', '8850106205074', 120, 0, 8, 0),
(124, 14, 'สีน้ำมันเป็ดหงส์  M666 (Grass Green) 0.875 L', '8850106019350', 120, 0, 8, 0),
(125, 14, 'สีน้ำมันเป็ดหงส์  M192 (Dawn Grey) 0.875 L', '8850106018490', 120, 0, 8, 0),
(126, 14, 'สีน้ำมันเป็ดหงส์  M177 (Ocean Blue) 0.875 L', '8850106018438', 120, 0, 8, 0),
(127, 14, 'สีน้ำมันเป็ดหงส์  M206 (Fresh Apricot) 0.875 L', '8850106316886', 120, 0, 8, 0),
(128, 14, 'สีน้ำมันเป็ดหงส์  M429 (Oxide Yellow) 0.875 L', '8850106018957', 120, 0, 8, 0),
(129, 14, 'สีน้ำมันเป็ดหงส์  M333 (Flame Red) 0.875 L', '8850106018827', 120, 0, 8, 0),
(130, 14, 'สีน้ำมันเป็ดหงส์  M332 (Cherry Red) 0.875 L', '8850106018766', 120, 0, 8, 0),
(131, 14, 'สีน้ำมันเป็ดหงส์  M111 (WHITE) 0.875 L', '8850106018001', 120, 0, 8, 0),
(132, 14, 'สีน้ำมันเป็ดหงส์  M444 (ํYellow Orange) 0.875 L', '8850106019138', 120, 0, 8, 0),
(133, 14, 'สีน้ำมันเป็ดหงส์  M163 (Coral Red) 0.875 L', '8850106018339', 120, 0, 8, 0),
(134, 14, 'สีน้ำมันเป็ดหงส์  M000 (Bright Silver) 0.875 L', '8850106017882', 120, 0, 8, 0),
(135, 14, 'สีน้ำมันเป็ดหงส์  M204 (Creamy White) 0.875 L', '8850106205050', 120, 0, 8, 0),
(136, 14, 'สีน้ำมันเป็ดหงส์  M259 (Teak Brown) 0.875 L', '8850106018605', 120, 0, 8, 0),
(137, 14, 'สีน้ำมันเป็ดหงส์  M434 (Lemon Yellow) 0.875 L', '8850106019077', 120, 0, 8, 0),
(138, 14, 'สีน้ำมันเป็ดหงส์  M334 (Scarlet Orange) 0.875 L', '8850106018889', 120, 0, 8, 0),
(139, 14, 'สีน้ำมันเป็ดหงส์  M311 (Dawn Pink) 0.875 L', '8850106018667', 120, 0, 8, 0),
(140, 14, 'สีน้ำมันเป็ดหงส์  M977 (Night Blue) 0.875 L', '8850106982166', 120, 0, 8, 0),
(141, 14, 'สีน้ำมันเป็ดหงส์  M312 (Berry Pink) 0.875 L', '8850106982203', 120, 0, 8, 0),
(142, 14, 'สีน้ำมันเป็ดหงส์  M222 (MATT WHITE) 0.875 L', '8850106722878', 120, 0, 8, 0),
(143, 14, 'สีน้ำมันเป็ดหงส์  M999 (Black) 0.875 L', '8850106019794', 120, 0, 8, 0),
(144, 14, 'สีน้ำมันเป็ดหงส์  M331 (Fast Maroon) 0.875 L', '8850106018728', 120, 0, 8, 0),
(145, 14, 'สีน้ำมันเป็ดหงส์  M717 (Crystal Blue) 0.875 L', '8850106019558', 120, 0, 8, 0),
(146, 14, 'สีน้ำมันเป็ดหงส์  M335 (Ferrari Red) 0.875 L', '8850106707462', 120, 0, 8, 0),
(147, 14, 'Hato สีทองน้ำมันอะคริลิก ยุโรป MG-333', '8855631001498', 200, 0, 16, 0),
(148, 14, 'ATM สีทองอะคริลิค AL-666', '8851193111835', 500, 0, 16, 0),
(149, 14, 'Hato สีทองน้ำมันอะคริลิก อเมริกา MG-111 0.946 L', '8855631000231', 600, 0, 16, 0),
(150, 14, 'Hato สีทองน้ำมันอะคริลิก ยุโรป MG-333 0.946 L', '8855631001481', 550, 0, 16, 0),
(151, 14, 'สีกันสนิม ฉลาม สีแดง 0.875L', '8850106589884', 85, 0, 8, 0),
(152, 14, 'สีกันสนิม ฉลาม สีเทา 0.875L', '8850106589914', 85, 0, 8, 0),
(153, 14, 'Beger สีย้อมไม้ สีไม้สัก G-1903  0.946L', '160822204219', 250, 0, 16, 0),
(154, 14, 'Beger สีย้อมไม้ สีไม้สักทอง G-1901  0.946L', '140228201029', 250, 0, 16, 0),
(155, 14, 'Beger สีย้อมไม้ สีมะฮ๊อกกานี G-1909  0.946L', '140306201229', 250, 0, 16, 0),
(156, 14, 'WOODTECT สีย้อมไม้ สีสักเงา WG-101 0.946L', '8855436000917', 350, 0, 16, 0),
(157, 14, 'WOODTECT สีย้อมไม้ สีมะฮอกกานีเงา WG-102 0.946L', '8855436000931', 350, 0, 16, 0),
(158, 14, 'WOODTECT สีย้อมไม้ สีวอลนัทเงา WG-103 0.946L', '8855436000955', 350, 0, 16, 0),
(159, 14, 'TOA สีย้อมไม้ สีไม้สักทอง/เงา G07', '8850106439967', 250, 0, 8, 0),
(160, 14, 'TOA สีย้อมไม้ สีไม้สัก/เงา G01', '8850106380078', 250, 0, 8, 0),
(161, 14, 'QPaint สีย้อมไม้ สีไม้มะฮอกกานี 0002', '885010200022', 180, 0, 16, 0),
(162, 14, 'QPaint สีย้อมไม้ สีไม้สักเงา 0001', '885010200012', 180, 0, 16, 0),
(163, 15, 'ซิลิโคน L6301 สีขาว', '4901889002108', 200, 0, 16, 0),
(164, 15, 'Bosny SUPER NAIL กาวตะปูสูตรน้ำ ', '8850747215111', 120, 0, 16, 0),
(165, 15, 'WURTH ซิลิโคน สีขาว', '4058794661187', 120, 0, 21, 0),
(166, 15, 'WURTH ซิลิโคน สีใส', '4058794660845', 120, 0, 21, 0),
(167, 15, 'จระเข้ อีพ็อกซี่ ซีล (A-B)', '8852278100812', 260, 0, 19, 0),
(168, 15, 'DRAGA อีพ็อกซี่ ทู (A-B)', '8853315001239', 180, 0, 16, 0),
(169, 15, 'แผ่นปิดรอยต่อ COOL GUARD 10cmx3mx1.5mm', '5722003050008', 150, 0, 16, 0),
(170, 15, 'JOTUN โจตาการ์ด 82', '8850506059673', 100, 0, 16, 0),
(171, 15, 'สีโป้วผนัง TOA ACRYLIC FILLER', '1110137947', 120, 0, 8, 0),
(172, 15, 'DRAGA กาวโป้วไม้สูตรน้ำ สีไม้มะฮอกกานี 777 ขนาด 500 กรัม', '8853315000874', 120, 0, 16, 0),
(173, 15, 'DRAGA กาวโป้วไม้สูตรน้ำ สีไม้สัก 888 ขนาด 500 กรัม', '8853315001536', 120, 0, 16, 0),
(174, 10, 'น้ำยาลอกสี DRAGA ขนาด 0.315 L', '8853315000058', 60, 0, 16, 0),
(175, 10, 'น้ำยาลอกสี DRAGA ขนาด 0.946 L', '8853315000065', 100, 0, 16, 0),
(176, 15, 'Bosny เคมีโป้ว NO.219', '8850747219119', 50, 0, 16, 0),
(177, 15, 'จระเข้ ปลั๊ก ซีเมนต์แห้งเร็วอุดน้ำรั่ว 1 กก.', '8852278010913', 160, 0, 19, 0),
(178, 15, 'Flintkote No.3 ขนาด 1 กก.', '8850459231119', 120, 0, 16, 0),
(179, 15, 'DRAGA เคมีโป้วผนัง  เล็ก', '8853315000843', 45, 0, 16, 0),
(180, 15, 'DRAGA เคมีโป้วผนัง  ใหญ่', '8853315000126', 60, 0, 16, 0),
(181, 15, 'ATM สีโป๊บาง ขนาด 1 กก.', '8851193161236', 120, 0, 16, 0),
(182, 15, 'ATM สีโป๊บาง ขนาด 4.5 กก.', '8851193000016', 400, 0, 16, 0),
(183, 15, 'จระเข้ พียู โฟม', '8852278103837', 250, 0, 19, 0),
(184, 15, 'จระเข้ โพลี-ยู ซีล สีขาว', '8852278100843', 220, 0, 19, 0),
(185, 10, 'จระเข้ น้ำยาขจัดคราบซีเมนต์', '8852278412229', 350, 0, 19, 0),
(186, 16, 'ปลั๊ก CHANG', '8858765200072', 15, 0, 22, 0),
(187, 16, 'สวิตช์ VENA', '8858783200320', 15, 0, 22, 0),
(188, 1, 'ปลั๊กกาวคู่ VENA', '8858783200153', 50, 0, 22, 0),
(189, 16, 'คัตเอาท์ 60 A CHANG', '8858765203141', 140, 0, 22, 0),
(190, 16, 'ไขควงลองไฟ META', '021980', 25, 0, 22, 0),
(191, 16, 'ปลั๊กเอนกประสงค์ ELECTON', '8857110410456', 60, 0, 22, 0),
(192, 16, 'ปลั๊กตัวเมีย VENA', '8858783200269', 10, 0, 22, 0),
(193, 16, 'ปลั๊กตัวผู้ VENA', '8858783200245', 15, 0, 22, 0),
(194, 16, 'ไขควงลองไฟ SOUPS', '6948911202219', 60, 0, 22, 0),
(195, 16, 'เบรคเกอร์ 20 A ', '8859204566025', 90, 0, 23, 0),
(196, 16, 'เบรคเกอร์ 30 A ', '8859204566032', 90, 0, 23, 0),
(197, 7, 'สายพานกบไฟฟ้า NKT', '8858894010528', 200, 0, 16, 0),
(199, 7, 'ใบมีดกบไฟฟ้า NKT  136 mm', '110007513318', 400, 0, 16, 0),
(200, 7, 'ใบมีดกบไฟฟ้า NKT  82 mm', '110007213317', 300, 0, 16, 0),
(201, 7, 'ใบมีดกบไฟฟ้า NKT  80 mm', '8858894020565', 350, 0, 16, 0),
(202, 7, 'WURTH ใบตัดกระเบื้อง ปูน  105 mm.', '4046777485837', 400, 0, 21, 0),
(203, 7, 'ฺBOSCH ใบตัดกระเบื้อง  4 \"', '3165140324236', 300, 0, 16, 0),
(204, 14, '4 SEASONS F1000 สีขาว', '8850106020936', 170, 0, 8, 0),
(205, 7, 'WURTH ใบตัดเหล็ก 4\" x 3/64\"x 5/8\"', '4053479365398', 30, 0, 21, 0),
(206, 7, 'WURTH ใบตัดเหล็ก 4\" x 3/64\"x 5/8\"', '4053479368245', 0, 0, 0, 0),
(207, 7, 'WURTH ใบตัดเหล็ก 4\" x 5/64\"x 5/8\"', '4053479365398', 30, 0, 21, 0),
(208, 7, 'ATLAS ใบตัดเหล็ก 4\"x 3/64\"x 5/8\"', '8711479440137', 35, 0, 16, 0),
(209, 7, 'ใบเจียรเหล็ก 7\"', '8858839200182', 70, 0, 16, 0),
(210, 7, 'WURTH ใบเจียร 4\"', '4050641968159', 40, 0, 21, 0),
(211, 7, 'SUMO ใบตัดเหล็ก 4\"', '8858833000986', 30, 0, 16, 0),
(212, 7, 'คีมปากจรเข้คินโซ่ 6\"', '8858737240020', 150, 0, 16, 0),
(213, 7, 'คีมปากเฉียงคินโซ่ 6\"', '8852198159303', 150, 0, 16, 0),
(214, 7, 'คีมปากแหลมคินโซ่ 8\"', '8858737240273', 180, 0, 16, 0),
(215, 7, 'คีมปากแหลมคินโซ่ 6\"', '8852198159297', 150, 0, 16, 0),
(216, 7, 'กรรไกรตัดท่อพีวีซี', '8858737240112', 200, 0, 16, 0),
(217, 7, 'หัวแล้งไฟฟ้าปืนพร้อมตะกั่ว', '200360', 120, 0, 16, 0),
(218, 7, 'คีมล็อค SOLO 10\"', '8852198024359', 200, 0, 16, 0),
(219, 7, 'ประแจเลื่อน SOLO 10\"', '8852198008601', 250, 0, 16, 0),
(220, 7, 'สิ่วข่างไม้ด้ามพลาสติก SOLO  3/4', '8852198068339', 95, 0, 16, 0),
(221, 7, 'สิ่วข่างไม้ด้ามพลาสติก SOLO  1\"', '8852198068353', 110, 0, 16, 0),
(222, 7, 'มีดคัตเอตร์', '8858767520383', 20, 0, 16, 0),
(223, 7, 'หัวลม AIR DUSTER', '6944237299704', 150, 0, 16, 0),
(224, 10, 'ตาแมว 180 องศา', '8858706240600', 80, 0, 16, 0),
(225, 15, 'กาว 2 TON', '8888299800011', 100, 0, 16, 0),
(226, 6, 'ขาฝา STD#00041', '8851502000416', 80, 0, 16, 0),
(227, 6, 'น้ำเข้าชักโครก 4,5 หุน STD#4304', '8851502043048', 160, 0, 16, 0),
(228, 7, 'สายลมพร้อมใช้ 5x8  15 ม. สีเหลือง', '8855852004582', 320, 0, 16, 0),
(229, 6, 'น้ำลง#4305', '8851502043055', 180, 0, 16, 0),
(230, 6, 'ลูกลอยชักโครก#4303', '8851502043031', 85, 0, 16, 0),
(231, 16, 'โคมไฟดาวน์ไลท์ ไอออนเน่ แอล อี ดี สลิม 6 วัตต์', '8859204516310', 200, 0, 23, 0),
(232, 16, 'ขั้วหลอดไฟพร้อมสาย VKF2x0.5 ยาว 10 ม. IONE', '8859204512022', 120, 0, 23, 0),
(233, 16, 'ลูกสะกิตกันไฟดูด Zeberg', '8858928737780', 500, 0, 22, 0),
(234, 16, 'หลอดไฟ LED คูลเดย์ไลท์ ขนาด 5 วัตต์ Panasonic', '5025232728930', 170, 0, 24, 0),
(235, 16, 'หลอดไฟ LED คูลเดย์ไลท์ ขนาด 10 วัตต์ Panasonic', '5025232728787', 220, 0, 24, 0),
(236, 16, 'หลอดตะเกียบ 18 วัตต์ ใหญ่ Panasonic', '5025232432622', 80, 0, 24, 0),
(237, 16, 'หลอดตะเกียบ 18 วัตต์ เล็ก Panasonic', '8887549566660', 80, 0, 24, 0),
(238, 16, 'หลอดเกลียว 25 วัตต์ Panasonic', '8887549517716', 110, 0, 24, 0),
(239, 16, 'หลอดเกลียว 8 วัตต์ Panasonic', '8887549518157', 75, 0, 24, 0),
(240, 16, 'หลอดไฟ LED  ขนาด 5 วัตต์ IONE', '8859204570749', 110, 0, 23, 0),
(241, 16, 'หลอดไฟ LED  ขนาด 8วัตต์ IONE', '8859204570770', 130, 0, 23, 0),
(242, 16, 'หลอดไฟ LED  ขนาด 5 วัตต์ LAMPTAN', '8850646090604', 150, 0, 22, 0),
(243, 16, 'หลอดไฟ LED  ขนาด 7 วัตต์ LAMPTAN', '8850646090949', 220, 0, 22, 0),
(244, 10, 'กาวตราช้าง', '8888299751184', 20, 0, 16, 0),
(245, 7, 'ลูกกลิ้งทาสี 4\" SOMIC', '8851917200470', 50, 0, 16, 0),
(246, 7, 'ลูกกลิ้งทาสี 7\" SOMIC', '8851917200487', 80, 0, 16, 0),
(247, 7, 'ถ่านวงเดือน NKT', '000243218811', 50, 0, 16, 0),
(248, 7, 'ถ่านกบ NKT', '8858894099295', 50, 0, 16, 0),
(249, 7, 'ถ่านวงเดือน ', '3500007EH081', 60, 0, 16, 0),
(250, 16, 'ถ่านเครื่องมือไฟฟ้า', '8858894099592', 50, 0, 16, 0),
(251, 7, 'ถ่านเครื่องมือไฟฟ้า', '088381357821', 70, 0, 16, 0),
(252, 7, 'ถ่านเครื่องมือไฟฟ้า', '088381121521', 40, 0, 16, 0),
(254, 4, 'เหล็กเส้น 6 mm ขาว', '0010010000111', 48, 0, 16, 0),
(255, 4, 'เหล็กเส้น 6 mm เขียว', '0010010000212', 57, 0, 16, 0),
(256, 4, 'เหล็กเส้น 8 mm เหลือง', '0010010000313', 98, 0, 16, 0),
(257, 4, 'เหล็กเส้น 9 mm ', '0010010000400', 130, 0, 16, 0),
(258, 4, 'เหล็กเส้น 10 mm ชมพู', '0010010000514', 150, 0, 16, 0),
(259, 4, 'เหล็กเส้น 12 mm ส้ม', '0010010000615', 200, 0, 16, 0),
(260, 4, 'เหล็กเส้น 16 mm ฟ้า', '0010010000716', 380, 0, 16, 0),
(261, 4, 'เหล็กกล่อง 4หุนx4หุน ขาว', '0010010000911', 100, 0, 16, 0),
(262, 1, 'เหล็กกล่อง 6หุนx6หุน ขาว', '0010010001011', 120, 0, 16, 0),
(263, 4, 'เหล็กกล่อง 6หุนx6หุน ฟ้า', '0010010001116', 160, 0, 16, 0),
(264, 4, 'เหล็กกล่อง 1\"x 1\" ขาว', '0010010001211', 120, 0, 16, 0),
(265, 4, 'เหล็กกล่อง 1\"x 1\" เหลือง', '0010010001313', 140, 0, 16, 0),
(266, 4, 'เหล็กกล่อง 1\"x 1\" เขียว', '0010010001412', 180, 0, 16, 0),
(267, 4, 'เหล็กกล่อง 1\"x 1\" น้ำเงิน', '0010010001518', 200, 0, 16, 0),
(268, 4, 'เหล็กกล่อง 1\"x 1\" ชุบกัลวาไนซ์', '0010010001619', 180, 0, 16, 0),
(269, 4, 'เหล็กกล่อง 1 1/4\"x 1 1/4\" ขาว', '0010010001711', 200, 0, 16, 0),
(270, 4, 'เหล็กกล่อง 1 1/4\"x 1 1/4\" เขียว', '0010010001812', 230, 0, 16, 0),
(271, 4, 'เหล็กกล่อง 1 1/2\"x 1 1/2\" ม่วง', '0010010001917', 250, 0, 16, 0),
(272, 4, 'เหล็กกล่อง 1 1/2\"x 1 1/2\" เขียว', '0010010002012', 280, 0, 16, 0),
(273, 4, 'เหล็กกล่อง 1 1/2\"x 1 1/2\" น้ำเงิน', '0010010002118', 300, 0, 16, 0),
(274, 4, 'เหล็กกล่อง 2\"x 1\" ชมพู', '0010010002214', 210, 0, 16, 0),
(275, 4, 'เหล็กกล่อง 2\"x 1\" ฟ้า', '0010010002316', 260, 0, 16, 0),
(276, 4, 'เหล็กกล่อง 2\"x 1\" เขียว', '0010010002412', 280, 0, 16, 0),
(277, 4, 'เหล็กกล่อง 2\"x 1\" น้ำเงิน ', '0010010002518', 300, 0, 16, 0),
(278, 4, 'เหล็กกล่อง 2\"x 1\" ชุบกัลวาไนซ์ ', '0010010002619', 280, 0, 16, 0),
(279, 4, 'เหล็กกล่อง 3\"x 1 1/2\" ชมพู', '0010010002714', 370, 0, 16, 0),
(280, 4, 'เหล็กกล่อง 3\"x 1 1/2\" เขียว', '0010010002812', 430, 0, 16, 0),
(281, 4, 'เหล็กกล่อง 3\"x 1 1/2\" น้ำเงิน', '0010010002918', 500, 0, 16, 0),
(282, 4, 'เหล็กกล่อง 3\"x 1 1/2\" เหลือง ครีม', '0010010003013', 360, 0, 16, 0),
(283, 4, 'เหล็กกล่อง 3\"x 1 1/2\" ทาสี', '0010010003121', 650, 0, 16, 0),
(284, 4, 'เหล็กกล่อง 3\"x 1 1/2\" ชุบกัลวาไนซ์ ชมพู', '0010010003219', 380, 0, 16, 0),
(285, 4, 'เหล็กกล่อง 4\"x 2\" เหลือง', '0010010003413', 480, 0, 16, 0),
(286, 4, 'เหล็กกล่อง 4\"x 2\" เขียว', '0010010003512', 520, 0, 16, 0),
(287, 4, 'เหล็กกล่อง 4\"x 2\" น้ำเงิน', '0010010003618', 580, 0, 16, 0),
(288, 4, 'เหล็กกล่อง 4\"x 2\" ส้ม', '0010010003715', 820, 0, 16, 0),
(289, 4, 'เหล็กกล่อง 4\"x 2\" ชุบกัลวาไนซ์', '0010010003819', 510, 0, 16, 0),
(290, 4, 'เหล็กกล่อง 2\"x 2\" ขาว', '0010010003911', 350, 0, 16, 0),
(291, 4, 'เหล็กกล่อง 2\"x 2\" เขียว', '0010010004012', 380, 0, 16, 0),
(292, 4, 'เหล็กกล่อง 4\"x 4\" น้ำเงิน', '0010010004218', 1100, 0, 16, 0),
(293, 4, 'เหล็กกล่อง 5\"x 5\" เหลือง', '0010010004313', 2000, 0, 16, 0),
(294, 4, 'เหล็กกล่อง 6\"x 6\" น้ำเงิน', '0010010004418', 2300, 0, 16, 0),
(295, 4, 'เหล็ก C3 ชมพู', '0010010004614', 370, 0, 16, 0),
(296, 4, 'เหล็ก C3 เขียว', '0010010004712', 440, 0, 16, 0),
(297, 4, 'เหล็ก C3 ส้ม', '0010010004815', 470, 0, 16, 0),
(298, 4, 'เหล็ก C4 ชมพู', '0010010004914', 430, 0, 16, 0),
(299, 4, 'เหล็ก C4 เขียว', '0010010005012', 560, 0, 16, 0),
(300, 4, 'เหล็ก C4 ส้ม', '0010010005115', 580, 0, 16, 0),
(301, 4, 'เหล็ก C4 ทอง', '0010010005220', 820, 0, 16, 0),
(302, 4, 'เหล็ก C5 ชุบกัลวาไนซ์', '0010010005319', 700, 0, 16, 0),
(303, 4, 'เหล็ก C6 น้ำเงิน', '0010010005418', 780, 0, 16, 0),
(304, 4, 'เหล็ก C6 ทอง', '0010010005520', 1200, 0, 16, 0),
(305, 4, 'ฉาก 1\"x 3mm', '0010010005622', 200, 0, 16, 0),
(306, 4, 'ฉาก 1 1/4\"x 3mm', '0010010005722', 260, 0, 16, 0),
(307, 4, 'ฉาก 1 1/2\"x 3mm', '0010010005822', 330, 0, 16, 0),
(308, 4, 'ฉาก 1 1/2\"x 4mm', '0010010005923', 400, 0, 16, 0),
(309, 4, 'ฉาก 2\"x 3mm', '0010010006022', 390, 0, 16, 0),
(310, 4, 'ฉาก 2\"x 4mm', '0010010006123', 500, 0, 16, 0),
(311, 4, 'ฉาก 2\"x 5mm', '0010010006224', 600, 0, 16, 0),
(312, 4, 'เหล็กแบน 1\" แดง', '0010010006825', 90, 0, 16, 0),
(313, 4, 'เหล็กแบน 1\" ขาว', '0010010006911', 110, 0, 16, 0),
(314, 4, 'เหล็กแบน 1\" เหลือง', '0010010007013', 160, 0, 16, 0),
(315, 4, 'เหล็กแบน 1\" เขียว', '0010010007112', 210, 0, 16, 0),
(316, 4, 'เหล็กแบน 1 1/4\" แดง', '0010010007225', 130, 0, 16, 0),
(317, 4, 'เหล็กแบน 1 1/4\" เขียว', '0010010007312', 180, 0, 16, 0),
(318, 4, 'เหล็กแบน 1 1/2\" แดง', '0010010007425', 130, 0, 16, 0),
(319, 4, 'เหล็กแบน 1 1/2\" ขาว', '0010010007511', 160, 0, 16, 0),
(320, 4, 'เหล็กแบน 1 1/2\" เขียว', '0010010007612', 210, 0, 16, 0),
(321, 4, 'เหล็กแบน 2\" เหลือง', '0010010007713', 180, 0, 16, 0),
(322, 4, 'เหล็กแบน 2\" แดง', '0010010007825', 250, 0, 16, 0),
(323, 4, 'เหล็กแบน 2\" ขาว', '0010010007911', 300, 0, 16, 0),
(324, 4, 'เหล็กแบน 3\" ขาว', '0010010008011', 300, 0, 16, 0),
(325, 4, 'เหล็กแบน 3\" แดง', '0010010008125', 440, 0, 16, 0),
(326, 4, 'เหล็กแบน 3\" น้ำเงิน', '0010010008218', 650, 0, 16, 0),
(327, 4, 'เหล็กแบน 3\" แดง (7.6)', '0010010008325', 260, 0, 16, 0),
(328, 4, 'เหล็กแบน 8\" ขาว', '0010010008411', 650, 0, 16, 0),
(329, 4, 'แป๊ปกลมดำ 4หุน ขาว', '0010010009311', 130, 0, 16, 0),
(330, 4, 'แป๊ปกลมดำ 4หุน เขียว', '0010010009412', 150, 0, 16, 0),
(331, 4, 'แป๊ปกลมดำ 6หุน ขาว', '0010010009511', 140, 0, 16, 0),
(332, 4, 'แป๊ปกลมดำ 6หุน เขียว', '0010010009612', 170, 0, 16, 0),
(333, 4, 'แป๊ปกลมดำ 1\" ขาว', '0010010009711', 200, 0, 16, 0),
(334, 4, 'แป๊ปกลมดำ 1 1/2\" เขียว', '0010010009812', 300, 0, 16, 0),
(335, 4, 'แป๊ปกลมดำ 1 1/2\" น้ำเงิน', '0010010009918', 360, 0, 16, 0),
(336, 4, 'แป๊ปกลมดำ 2\" ขาว', '0010010010011', 350, 0, 16, 0),
(337, 4, 'แป๊ปกลมดำ 2\" เขียว', '0010010010112', 470, 0, 16, 0),
(338, 4, 'แป๊ปกลมดำ 2\" น้ำเงิน', '0010010010218', 520, 0, 16, 0),
(339, 4, 'เหล็กแผ่นบาง4x8', '0010010008500', 450, 0, 16, 0),
(340, 4, 'เหล็กแผ่น4x8x1.2', '0010010009100', 1000, 0, 16, 0),
(341, 4, 'เหล็กแผ่น4x8x1.5', '0010010009200', 1150, 0, 16, 0),
(342, 4, 'เหล็กแผ่น4x8x2 ชมพู', '0010010008614', 1300, 0, 16, 0),
(343, 4, 'เหล็กแผ่น4x8x3 แดง', '0010010008825', 2600, 0, 16, 0),
(344, 4, 'เหล็กแผ่น4x8x4 ฟ้า', '0010010008916', 2700, 0, 16, 0),
(345, 8, 'ท่อPVC4หุน (5)', '0010020000101', 24, 0, 16, 0),
(346, 8, 'ท่อPVC4หุน ', '0010020000202', 29, 0, 16, 0),
(347, 8, 'ท่อPVC 6หุน (8.5)', '0010020000302', 38, 0, 16, 0),
(348, 8, 'ท่อPVC 1\" (8.5)', '0010020000402', 48, 0, 16, 0),
(349, 8, 'ท่อPVC 1 1/2\" (5)', '0010020000501', 58, 0, 16, 0),
(350, 8, 'ท่อPVC 1 1/2\" (8.5)', '0010020000602', 84, 0, 16, 0),
(351, 8, 'ท่อPVC 1 1/4\" (8.5)', '0010020000702', 50, 0, 16, 0),
(352, 8, 'ท่อPVC 2\" (5)', '0010020000801', 80, 0, 16, 0),
(353, 8, 'ท่อPVC 2\" (8.5)', '0010020000902', 125, 0, 16, 0),
(354, 8, 'ท่อPVC 3\" (5)', '0010020001001', 180, 0, 16, 0),
(355, 8, 'ท่อPVC 3\" (8.5)', '0010020001102', 270, 0, 16, 0),
(356, 8, 'ท่อPVC 4\" (5)', '0010020001201', 290, 0, 16, 0),
(357, 8, 'ท่อPVC 4\" (8.5)', '0010020001302', 430, 0, 16, 0),
(358, 8, 'ท่อPVC 6\" (5)', '0010020001401', 530, 0, 16, 0),
(359, 8, 'ท่อPVC 6\" (8.5)', '0010020001502', 920, 0, 16, 0),
(360, 8, 'ท่อPVC 8\" (5)', '0010020001601', 820, 0, 16, 0),
(361, 8, 'ท่อPVC 8\" (8.5)', '0010020001702', 1400, 0, 16, 0),
(362, 8, 'ท่อPVC 10\" (5)', '0010020001801', 1230, 0, 16, 0),
(363, 8, 'ท่อPVC 12\" (5)', '0010020001901', 1650, 0, 16, 0),
(364, 8, 'ต่อตรง 4หุน', '0010020002002', 4, 0, 16, 0),
(365, 8, 'งอ90 ํ 4หุน', '0010020002102', 5, 0, 16, 0),
(366, 8, 'สามทาง 4หุน', '0010020002202', 7, 0, 16, 0),
(367, 8, 'ตรง ก.นอก 4หุน', '0010020002302', 5, 0, 16, 0),
(368, 8, 'ตรง ก.ใน 4หุน', '0010020002402', 5, 0, 16, 0),
(369, 8, 'งอ ก.นอก 4หุน', '0010020002502', 5, 0, 16, 0),
(370, 8, 'งอ ก.ใน 4หุน', '0010020002602', 5, 0, 16, 0),
(371, 8, 'สามทาง ก.นอก 4หุน', '0010020002702', 10, 0, 16, 0),
(372, 8, 'ฝาอุด 4หุน', '0010020002802', 5, 0, 16, 0),
(373, 8, 'ตรง ก.นอกทองเหลือง 4หุน', '0010020002902', 30, 0, 16, 0),
(374, 8, 'ตรง ก.ในทองเหลือง 4หุน', '0010020003002', 20, 0, 16, 0),
(375, 8, 'งอ ก.ในทองเหลือง 4หุน', '0010020003102', 20, 0, 16, 0),
(376, 8, 'สามทาง ก.ใน 4หุน', '0010020003202', 10, 0, 16, 0),
(377, 8, 'สามทาง ก.ในทองเหลือง 4หุน', '0010020003302', 30, 0, 16, 0),
(378, 8, '4ทาง 4หุน', '0010020003402', 20, 0, 16, 0),
(379, 8, 'สามทางฉาก 4 หุน', '0010020003502', 15, 0, 16, 0),
(380, 8, 'งอ45 ํ 4หุน', '0010020003602', 10, 0, 16, 0),
(381, 8, 'งอ ก.นอกทองเหลือง 4หุน', '0010020003702', 30, 0, 16, 0),
(382, 8, 'สามทาง 6หุน', '0010020003802', 8, 0, 16, 0),
(383, 8, 'งอ90 ํ 6หุน', '0010020003902', 7, 0, 16, 0),
(384, 8, 'ตรง ก.ใน 6หุน', '0010020004002', 8, 0, 16, 0),
(385, 8, 'ตรง ก.นอก 6หุน', '0010020004102', 8, 0, 16, 0),
(386, 8, 'งอ45 ํ 6หุน', '0010020004202', 15, 0, 16, 0),
(387, 8, 'สามทาง 6หุน >4หุน', '0010020004302', 8, 0, 16, 0),
(388, 8, 'ข้อลด6หุน>4หุน', '0010020004402', 10, 0, 16, 0),
(389, 8, 'งอ6หุน>4หุน', '0010020004502', 8, 0, 16, 0),
(390, 8, 'งอ ก.ใน 6หุน', '0010020004602', 10, 0, 16, 0),
(391, 8, 'ต่อตรง 1\"', '0010020004702', 10, 0, 16, 0),
(392, 8, 'งอ90 ํ 1\"', '0010020004802', 8, 0, 16, 0),
(393, 8, 'สามทาง 1\" บาง', '0010020004901', 15, 0, 16, 0),
(394, 8, 'ตรง ก.นอก 1\"', '0010020005002', 10, 0, 16, 0),
(395, 8, 'ตรง ก.ใน 1\"', '0010020005102', 10, 0, 16, 0),
(396, 8, 'ข้อลด1\">4หุน', '0010020005202', 10, 0, 16, 0),
(397, 8, 'สามทาง 1\" >6หุน', '0010020005302', 16, 0, 16, 0),
(398, 8, 'งอ ก.ใน 1\"', '0010020005402', 10, 0, 16, 0),
(399, 8, 'ข้อลด1\">6หุน', '0010020005502', 10, 0, 16, 0),
(400, 8, 'ฝาอุด 1\"', '0010020005602', 10, 0, 16, 0),
(401, 8, 'สามทาง 1\" >4หุน', '0010020005702', 14, 0, 16, 0),
(402, 8, 'งอ1\">4หุน', '0010020005802', 15, 0, 16, 0),
(403, 8, 'งอ 1\">6หุน', '0010020005902', 15, 0, 16, 0),
(404, 8, 'กระโหลก 1\"', '0010020006002', 40, 0, 16, 0),
(405, 8, 'สามทาง 1\" หนา', '0010020006102', 16, 0, 16, 0),
(406, 8, 'สามทาง 1 1/4\" >6หุน', '0010020006202', 25, 0, 16, 0),
(407, 8, 'ต่อตรง 1 1/4\"', '0010020006302', 15, 0, 16, 0),
(408, 8, 'งอ90 ํ 1 1/4\"', '0010020006402', 15, 0, 16, 0),
(409, 8, 'ตรง ก.ใน 1 1/4\"', '0010020006502', 15, 0, 16, 0),
(410, 8, 'สามทาง 1 1/4\" >1\"', '0000020006608138', 25, 0, 16, 0),
(411, 8, 'สามทาง 1 1/4\" >4หุน', '0010020006702', 25, 0, 16, 0),
(412, 8, 'งอ90 ํ 1 1/4\" บาง', '0010020006801', 15, 0, 16, 0),
(413, 4, 'เหล็กเพลา 3หุน', '0010010006300', 130, 0, 16, 0),
(414, 4, 'เหล็กเพลา 4หุน', '0010010006400', 200, 0, 16, 0),
(415, 4, 'เหล็กเพลา 6หุน', '0010010006500', 500, 0, 16, 0),
(416, 4, 'เหล็กเพลา 1\"', '0010010006600', 1000, 0, 16, 0),
(417, 4, 'เหล็กเพลา 1 1/4\"', '0010010006700', 1700, 0, 16, 0),
(418, 8, 'ต่อตรง 1 1/2\"', '', 0, 0, 0, 0),
(419, 8, 'ต่อตรง 1 1/2\"', 'จจๅจจ/จจจุตจ/', 0, 0, 0, 0),
(420, 1, '', '0010020006902', 0, 0, 0, 0),
(421, 8, 'ตรง 1 1/2', '0010020006902', 15, 0, 16, 0),
(422, 8, 'งอหนา90 ํ 1 1/2\"', '0010020007002', 20, 0, 16, 0),
(423, 8, 'สามทาง 1 1/2', '0010020007102', 25, 0, 16, 0),
(424, 8, 'ตรง ก.ใน 1 1/2\"', '0010020007202', 15, 0, 16, 0),
(425, 8, 'ตรง ก.นอก 1 1/2\"', '0010020007302', 15, 0, 16, 0),
(426, 8, 'ข้อลด 1 1/2\" ออก 1\"', '0010020007402', 15, 0, 16, 0),
(427, 8, 'ข้อลด 1 1/2\" ออก 1 1/4\"', '0010020007502', 20, 0, 16, 0),
(428, 8, 'สามทาง 1 1/2\" ออก 6หุน', '0010020007602', 20, 0, 16, 0),
(429, 8, 'สามทาง 1 1/2\" ออก 1\"', '0010020007702', 25, 0, 16, 0),
(430, 8, 'ฝาอุด 1 1/2\"', '0010020007802', 15, 0, 16, 0),
(431, 8, 'ข้อลด 1 1/2\" ออก 6หุน', '0010020007902', 15, 0, 16, 0),
(432, 8, 'ข้อลดบาง 1 1/2\" ออก 1 1/4\"', '0010020008001', 15, 0, 16, 0),
(433, 8, 'ข้อลด 1 1/2\" ออก 4หุน', '0010020008102', 15, 0, 16, 0),
(434, 8, 'สามทาง 1 1/2\" ออก 4หุน', '0010020008202', 15, 0, 16, 0),
(435, 8, 'งอ90 ํ 1 1/2\" บาง', '0010020008301', 20, 0, 16, 0),
(436, 8, 'งอ45 ํ 1 1/2 บาง', '0010020008401', 15, 0, 16, 0),
(437, 8, 'ต่อตรง 2\"', '0010020008802', 25, 0, 16, 0),
(438, 8, 'งอ90 ํ 2\"', '0010020008902', 30, 0, 16, 0),
(439, 8, 'สามทาง 2\"', '0010020009002', 35, 0, 16, 0),
(440, 8, 'ฝาอุด 2\"', '0010020009102', 20, 0, 16, 0),
(441, 8, 'ตรง ก.นอก 2\"', '0010020009202', 20, 0, 16, 0),
(442, 8, 'ตรง ก.ใน 2\"', '0010020009302', 20, 0, 16, 0),
(443, 8, 'สามทาง 2\" ออก 6หุน', '0010020009402', 35, 0, 16, 0),
(444, 8, 'สามทาง 2\" ออก 1\"', '0010020009502', 35, 0, 16, 0),
(445, 8, 'สามทาง 2\" ออก 1 1/2\"', '0010020009602', 35, 0, 16, 0),
(446, 8, 'สามทาง 2\" ออก 4หุน', '0010020009702', 35, 0, 16, 0),
(447, 8, 'ข้อลด 2\" ออก 4หุน', '0010020009802', 20, 0, 16, 0),
(448, 8, 'ข้อลด 2\" ออก 6หุน', '0010020009902', 20, 0, 16, 0),
(449, 8, 'ข้อลด 2\" ออก 1\"', '0010020010002', 25, 0, 16, 0),
(450, 8, 'ข้อลด 2\" ออก 1 1/2\"', '0010020010102', 25, 0, 16, 0),
(451, 8, 'ข้อลด 2\" ออก 1 1/4\"', '0010020010202', 25, 0, 16, 0),
(452, 8, 'งอ90 ํ 2\" บาง', '0010020010301', 20, 0, 16, 0),
(453, 8, 'งอ45 ํ 2\" บาง', '0010020010401', 20, 0, 16, 0),
(454, 8, 'สามทาง 2\" ออก 1 1/4\"', '0010020010502', 35, 0, 16, 0),
(455, 8, 'กระโหลก 2\"', '0010020010602', 130, 0, 16, 0),
(456, 8, 'สามทาง 3\" หนา', '0010020011002', 140, 0, 16, 0),
(457, 8, 'งอ90 ํ 3\" บาง', '0010020011101', 40, 0, 16, 0),
(458, 8, 'ต่อตรง 3\"', '0010020011202', 60, 0, 16, 0),
(459, 8, 'ตรง ก.นอก 3\"', '0010020011302', 60, 0, 16, 0),
(460, 8, 'ตรง ก.ใน 3\"', '0010020011402', 60, 0, 0, 0),
(461, 8, 'งอ90 ํ 3\" หนา', '0010020011502', 90, 0, 16, 0),
(462, 8, 'สามทาง 3\" บาง', '0010020011601', 45, 0, 16, 0),
(463, 8, 'งอ45 ํ 3\"  บาง', '0010020011701', 35, 0, 16, 0),
(464, 8, 'ข้อลด 3\" ออก 2\"', '0010020011802', 50, 0, 16, 0),
(465, 8, 'ข้อลด 3\" ออก 1\"', '0010020011902', 45, 0, 16, 0),
(466, 8, 'สามทาง 3\" ออก 2\"', '0010020012002', 120, 0, 16, 0),
(467, 8, 'สามทาง 4\" หนา', '0010010012102', 340, 0, 16, 0),
(468, 8, 'งอ90 ํ 4\" หนา', '0010010012202', 180, 0, 16, 0),
(469, 8, 'ตรง 4\" บาง', '0010010012301', 50, 0, 16, 0),
(470, 8, 'สามทาง 4\" บาง', '0010010012401', 90, 0, 16, 0),
(471, 8, 'งอ90 ํ 4\" บาง', '0010010012501', 70, 0, 16, 0),
(472, 8, 'งอ45 ํ 4\"  หนา', '0010010012602', 280, 0, 16, 0),
(473, 8, 'งอ45 ํ 4\"  บาง', '0010010012701', 70, 0, 16, 0),
(474, 8, 'ข้อลด 4\" ออก 3\"', '0010010012801', 90, 0, 16, 0),
(475, 8, 'ตรง ก.นอก 4\" หนา', '0010010012902', 130, 0, 16, 0),
(476, 8, 'ตรง ก.ใน 4\"', '0010010013002', 90, 0, 16, 0),
(477, 8, 'สามทาง 4\" ออก 2\"', '0010010013102', 280, 0, 16, 0),
(478, 8, 'ตรง ก.นอก 4\" บาง', '0010010013201', 90, 0, 16, 0),
(479, 8, 'ต่อตรง 4\" หนา', '0010010013302', 90, 0, 16, 0),
(480, 8, 'กาวท่อน้ำไทย ขนาด 50 กรัม', '0010020015200', 38, 0, 16, 0),
(481, 8, 'กาวท่อน้ำไทย ขนาด 100 กรัม', '0010020015300', 60, 0, 16, 0),
(482, 8, 'กาวท่อน้ำไทย ขนาด 250 กรัม', '0010020015400', 130, 0, 16, 0),
(483, 8, 'กาวท่อน้ำไทย ขนาด 500 กรัม', '0010020015500', 250, 0, 16, 0),
(484, 8, 'เทปพันเกลียวเล็ก', '0010020015600', 10, 0, 16, 0),
(485, 8, 'เทปพันเกลียวใหญ่', '0010020015700', 15, 0, 16, 0),
(486, 8, 'ข้อต่อสายยางเหล็ก2ทาง 4 หุน', '0010020014400', 15, 0, 16, 0),
(487, 8, 'ข้อต่อสายยาง PVC 2ทาง 4 หุน', '0010020015100', 10, 0, 16, 0),
(488, 8, 'ข้อต่อสายยางเหล็ก2ทาง 6 หุน', '0010020014500', 15, 0, 16, 0),
(489, 8, 'ข้อต่อสายยางเหล็ก2ทาง 1\"', '0010020014600', 15, 0, 16, 0),
(490, 8, 'ข้อต่อสายยางเหล็ก2ทาง 1 1/4\"', '0010020014700', 25, 0, 16, 0),
(491, 8, 'ข้อต่อสายยางเหล็ก2ทาง 1 1/2\"', '0010020015000', 30, 0, 16, 0),
(492, 8, 'ข้อต่อสายยางเหล็ก2ทาง 2\"', '0010020014800', 30, 0, 16, 0),
(493, 8, 'ข้อต่อสายยางเหล็ก2ทาง 3\"', '0010020014900', 70, 0, 16, 0),
(494, 8, 'หางปลาไหลเกลียวนอกเหล็ก 4 หุน', '0010020013400', 15, 0, 16, 0),
(495, 8, 'หางปลาไหลเกลียวนอกเหล็ก 6 หุน', '0010020013500', 15, 0, 16, 0),
(496, 8, 'หางปลาไหลเกลียวนอกเหล็ก 1\"', '0010020013600', 20, 0, 16, 0),
(497, 8, 'หางปลาไหลเกลียวนอกเหล็ก 1 1/4\"', '0010020013700', 20, 0, 16, 0),
(498, 8, 'หางปลาไหลเกลียวนอกเหล็ก 1 1/2\"', '0010020013800', 25, 0, 16, 0),
(499, 8, 'หางปลาไหลเกลียวนอกเหล็ก 2\"', '0010020013900', 30, 0, 16, 0),
(500, 8, 'หางปลาไหลเกลียวนอกเหล็ก 1 1/4\">1\"', '0010020014000', 20, 0, 16, 0),
(501, 8, 'หางปลาไหลเกลียวนอกเหล็ก 1 1/2\">1\"', '0010020014100', 30, 0, 16, 0),
(502, 8, 'หางปลาไหลเกลียวนอกเหล็ก 1 1/2\">1 1/4\"', '0010020014200', 30, 0, 16, 0),
(503, 8, 'หางปลาไหลเกลียวนอกเหล็ก 2\">1 1/4\"', '0010020014300', 50, 0, 16, 0),
(504, 8, 'วาล์ว PVC 4 หุน', '0010020015800', 20, 0, 16, 0),
(505, 8, 'วาล์ว PVC 6 หุน', '0010020015900', 35, 0, 16, 0),
(506, 8, 'วาล์ว PVC 1\"', '0010020016000', 35, 0, 16, 0),
(507, 8, 'วาล์ว PVC 1 1/4\"', '0010020016200', 50, 0, 16, 0),
(508, 8, 'วาล์ว PVC 1 1/2\"', '0010020016100', 65, 0, 16, 0),
(509, 8, 'วาล์ว PVC 2\"', '0010020016300', 100, 0, 16, 0),
(510, 8, 'กระโหลกเหล็ก 1\"', '0010020018300', 150, 0, 16, 0),
(511, 8, 'กระโหลกเหล็ก 1 1/2\"', '0010020018400', 320, 0, 16, 0),
(512, 8, 'กระโหลกเหล็ก 2\"', '0010020018500', 420, 0, 16, 0),
(513, 8, 'นิปเปิ้ลเหล็ก 4หุน ก.นอก-นอก', '0010020018601', 45, 0, 16, 0),
(514, 8, 'นิปเปิ้ลเหล็ก 4หุน ก.นอก-ใน', '0010020018702', 45, 0, 16, 0),
(515, 8, 'นิปเปิ้ลเหล็ก 4หุน ก.ใน-ใน', '0010020018803', 45, 0, 16, 0),
(516, 8, 'มินิวาล์ว ผ.ม.', '0010020019500', 60, 0, 16, 0),
(517, 8, 'มินิวาล์ว ม.ม.', '0010020019600', 60, 0, 16, 0),
(518, 8, 'มินิวาล์ว ผ.ผ.ผ.', '0010020019700', 100, 0, 16, 0),
(519, 8, 'นิปเปิ้ล PVC 4 หุน', '0010020019800', 5, 0, 16, 0),
(520, 8, 'นิปเปิ้ล PVC 6 หุน', '0010020019900', 10, 0, 16, 0),
(521, 11, 'ปูนตราช้าง', '0010030000100', 130, 0, 16, 0),
(522, 11, 'ปูนตราเสือ 40kg', '0010030000200', 110, 0, 16, 0),
(523, 11, 'ปูนตราเสือ 50kg', '0010030000300', 137, 0, 16, 0),
(524, 11, 'ปูนตราเสือพลัส', '0010030000400', 125, 0, 16, 0),
(525, 11, 'ปูนกาว', '0010030000500', 140, 0, 16, 0),
(526, 11, 'ปูนแบ่ง5kg', '0010030000700', 20, 0, 16, 0),
(527, 11, 'ปูนกาว1kg', '0010030000800', 20, 0, 16, 0),
(528, 11, 'ปูนขาว3kg', '0010030000900', 18, 0, 16, 0),
(529, 17, 'หิน3/4 (คิว)', '0010040000100', 470, 0, 16, 0),
(530, 17, 'หิน2 (คิว)', '0010040000200', 470, 0, 16, 0),
(532, 17, 'หิน3/4 (บุ้งกี๋)', '0010040000500', 15, 0, 16, 0),
(533, 18, 'ทรายหยาบ (คิว)', '0010050000100', 370, 0, 16, 0),
(534, 18, 'ทรายละเอียด (คิว)', '0010050000200', 550, 0, 16, 0),
(535, 18, 'ทรายถม (คิว)', '0010050000300', 320, 0, 16, 0),
(536, 18, 'ทรายหยาบ (บุ้งกี๋)', '0010050000400', 10, 0, 16, 0),
(537, 18, 'ทรายละเอียด (บุ้งกี๋)', '0010050000500', 15, 0, 16, 0),
(538, 19, 'ท่อนาคไม่มีขา 6x4', '0020010000100', 550, 0, 16, 0),
(539, 19, 'ท่อนาคไม่มีขา 8x4', '0020010000200', 600, 0, 16, 0),
(540, 19, 'ท่อนาคไม่มีขา 6x8', '0020010000300', 730, 0, 16, 0),
(541, 19, 'ท่อนาคไม่มีขา 8x8', '0020010000400', 800, 0, 16, 0),
(542, 19, 'ท่อนาคมีขา 6x4', '0020010000500', 680, 0, 16, 0),
(543, 19, 'ท่อนาคมีขา 8x4', '0020010000600', 750, 0, 16, 0),
(544, 19, 'ท่อนาคมีขา 6x8', '0020010000700', 920, 0, 16, 0),
(545, 19, 'ท่อนาคมีขา 8x8', '0020010000800', 1000, 0, 16, 0),
(546, 19, 'ท่อนาคมีตุ๊กตา 5x6', '0020010000900', 1700, 0, 16, 0),
(547, 19, 'ท่อนาคมีตุ๊กตา 5x8', '0020010001000', 1800, 0, 16, 0),
(548, 19, 'ท่อนาคมีตุ๊กตา 6x14', '0020010001100', 3100, 0, 16, 0),
(549, 19, 'ท่อนาคมีตุ๊กตา 6x16', '0020010001200', 3200, 0, 16, 0),
(550, 19, 'ท่อนาคมีตุ๊กตา 6x18', '0020010001300', 3550, 0, 16, 0),
(551, 19, 'ท่อนาคมีตุ๊กตา 6x20', '0020010001400', 3650, 0, 16, 0),
(552, 19, 'ท่อนาคมีตุ๊กตา 6x24', '0020010001500', 3850, 0, 16, 0),
(553, 19, 'ท่อนาคมีตุ๊กตา 6x28', '0020010001600', 4400, 0, 16, 0),
(554, 19, 'ท่อนาคไม่มีตุ๊กตา 6x8', '0020010001700', 2550, 0, 16, 0),
(555, 19, 'ท่อนาคไม่มีตุ๊กตา 6x10', '0020010001800', 2650, 0, 16, 0),
(556, 19, 'ท่อนาคไม่มีตุ๊กตา 6x14', '0020010001900', 2900, 0, 16, 0),
(557, 19, 'ท่อนาคไม่มีตุ๊กตา 6x16', '0020010002000', 3000, 0, 16, 0),
(558, 19, 'ท่อนาคไม่มีตุ๊กตา 6x18', '0020010002100', 3350, 0, 16, 0),
(559, 19, 'ท่อนาคไม่มีตุ๊กตา 6x20', '0020010002200', 3450, 0, 16, 0),
(560, 19, 'ท่อนาคไม่มีตุ๊กตา 6x24', '0020010002300', 3650, 0, 16, 0),
(561, 8, 'ข้อลด ก.นอก 1x4หุน', '0010020020002', 20, 0, 16, 0),
(562, 8, 'ข้อลด ก.นอก 1x6หุน', '0010020020102', 20, 0, 16, 0),
(563, 8, 'สามทางผสม นอกxนอกxใน', '0010020020202', 25, 0, 16, 0),
(565, 8, 'ต่อตรง 4หุน ผ.ม.', '0010020020302', 20, 0, 16, 0),
(566, 8, 'สามทาง 4หุน ม.ม.ม.', '0010020020402', 25, 0, 16, 0),
(567, 8, 'งอ 4หุน ผ.ม.', '0010020020602', 25, 0, 16, 0),
(568, 8, 'งอ 4หุน ม.ม.', '0010020020502', 20, 0, 16, 0),
(569, 8, 'งอลด ก.ใน 6หุนx4หุน', '0010020020702', 20, 0, 16, 0),
(570, 8, 'ต่อตรง 4หุน ม.ม.', '0010020020802', 20, 0, 16, 0),
(571, 8, 'ต่อตรงลด ก.ใน 4หุน', '0010020020902', 20, 0, 16, 0),
(572, 8, 'สี่ทาง 4หุน', '0010020021002', 10, 0, 16, 0),
(573, 8, 'Swing Check Sanwa 3/4', '0010020021100', 150, 0, 16, 0),
(574, 8, 'Swing Check Sanwa 1/2', '0010020021200', 470, 0, 16, 0),
(575, 8, 'แค้มรัดท่อ 4หุน ', '0010020016400', 3, 0, 16, 0),
(576, 8, 'แค้มรัดท่อ 6หุน ', '0010020016500', 3, 0, 16, 0),
(577, 8, 'แค้มรัดท่อ 1\"', '0010020016600', 5, 0, 16, 0),
(578, 8, 'แค้มรัดท่อ 1 1/4\"', '0010020016700', 10, 0, 16, 0),
(579, 8, 'แค้มรัดท่อ 1 1/2\"', '0010020016800', 10, 0, 16, 0),
(580, 8, 'แค้มรัดท่อ 2\"', '0010020016900', 15, 0, 16, 0),
(581, 8, 'ก้ามปู 3หุน', '0010020017000', 3, 0, 16, 0),
(582, 8, 'ก้ามปู 4หุน', '0010020017100', 3, 0, 16, 0),
(583, 8, 'ก้ามปู 6หุน', '0010020017200', 4, 0, 16, 0),
(584, 8, 'ฝาอุด ก.นอก 4หุน', '0010020017300', 5, 0, 16, 0),
(585, 8, 'ฝาอุด ก.ใน 4หุน', '0010020017400', 5, 0, 16, 0),
(586, 8, 'ฝาอุด ก.นอก 6หุน', '0010020017500', 5, 0, 16, 0),
(587, 8, 'ฝาอุด ก.ใน 6หุน', '0010020017600', 5, 0, 16, 0),
(588, 8, 'ฝาอุด ก.นอก 1\"', '0010020017700', 10, 0, 16, 0),
(589, 8, 'ฝาอุด ก.ใน 1\"', '0010020017800', 10, 0, 16, 0),
(590, 8, 'ฝาอุด ก.นอก 1 1/2\"', '0010020017900', 20, 0, 16, 0),
(591, 8, 'ฝาอุด ก.ใน 1 1/2\"', '0010020018000', 20, 0, 16, 0),
(592, 8, 'ฝาอุด ก.นอก 2\"', '0010020018100', 20, 0, 16, 0),
(593, 8, 'ฝาอุด ก.ใน 2\"', '0010020018200', 20, 0, 16, 0),
(594, 17, 'หินคลุก (คิว)', '0010040000300', 400, 0, 16, 0),
(595, 17, 'หินเกล็ด (คิว)', '0010040000400', 470, 0, 16, 0),
(596, 11, 'ปูนขาว(กระสอบ)', '0010030000600', 140, 0, 16, 0),
(597, 19, 'สายพาน No.35 (หมา/เบนโดะ)', '0020020000101', 54, 0, 16, 0),
(598, 19, 'สายพาน No.36 (หมา/เบนโดะ)', '0020020000201', 56, 0, 16, 0),
(599, 19, 'สายพาน No.37 (หมา/เบนโดะ)', '0020020000301', 57, 0, 16, 0),
(600, 19, 'สายพาน No.38 (หมา/เบนโดะ)', '0020020000401', 59, 0, 16, 0),
(601, 19, 'สายพาน No.39 (หมา/เบนโดะ)', '0020020000501', 60, 0, 16, 0),
(602, 19, 'สายพาน No.40 (หมา/เบนโดะ)', '0020020000601', 62, 0, 16, 0),
(603, 19, 'สายพาน No.41 (หมา/เบนโดะ)', '0020020000701', 64, 0, 16, 0),
(604, 19, 'สายพาน No.42 (หมา/เบนโดะ)', '0020020000801', 65, 0, 16, 0),
(605, 19, 'สายพาน No.43 (หมา/เบนโดะ)', '0020020000901', 67, 0, 16, 0),
(606, 19, 'สายพาน No.44 (หมา/เบนโดะ)', '0020020001001', 68, 0, 16, 0),
(607, 19, 'สายพาน No.45 (หมา/เบนโดะ)', '0020020001101', 70, 0, 16, 0),
(608, 19, 'สายพาน No.46 (หมา/เบนโดะ)', '0020020001201', 71, 0, 16, 0),
(609, 19, 'สายพาน No.47 (หมา/เบนโดะ)', '0020020001301', 73, 0, 16, 0),
(610, 19, 'สายพาน No.48 (หมา/เบนโดะ)', '0020020001401', 74, 0, 16, 0),
(611, 19, 'สายพาน No.49 (หมา/เบนโดะ)', '0020020001501', 76, 0, 16, 0),
(612, 19, 'สายพาน No.50 (หมา/เบนโดะ)', '0020020001601', 78, 0, 16, 0),
(613, 19, 'สายพาน No.51 (หมา/เบนโดะ)', '0020020001701', 79, 0, 16, 0),
(614, 19, 'สายพาน No.52 (หมา/เบนโดะ)', '0020020001801', 80, 0, 16, 0),
(615, 19, 'สายพาน No.53 (หมา/เบนโดะ)', '0020020001901', 82, 0, 16, 0),
(616, 19, 'สายพาน No.54 (หมา/เบนโดะ)', '0020020002001', 84, 0, 16, 0),
(617, 19, 'สายพาน No.55 (หมา/เบนโดะ)', '0020020002101', 85, 0, 16, 0),
(618, 19, 'สายพาน No.56 (หมา/เบนโดะ)', '0020020002201', 87, 0, 16, 0),
(619, 19, 'สายพาน No.57 (หมา/เบนโดะ)', '0020020002301', 88, 0, 16, 0),
(620, 19, 'สายพาน No.58 (หมา/เบนโดะ)', '0020020002401', 90, 0, 16, 0),
(621, 19, 'สายพาน No.59 (หมา/เบนโดะ)', '0020020002501', 91, 0, 16, 0),
(622, 19, 'สายพาน No.60 (หมา/เบนโดะ)', '0020020002601', 93, 0, 16, 0),
(623, 19, 'สายพาน No.61 (หมา/เบนโดะ)', '0020020002701', 95, 0, 16, 0),
(624, 19, 'สายพาน No.62 (หมา/เบนโดะ)', '0020020002801', 96, 0, 16, 0),
(625, 19, 'สายพาน No.63 (หมา/เบนโดะ)', '0020020002901', 98, 0, 16, 0),
(626, 19, 'สายพาน No.64 (หมา/เบนโดะ)', '0020020003001', 99, 0, 16, 0),
(627, 19, 'สายพาน No.65 (หมา/เบนโดะ)', '0020020003101', 100, 0, 16, 0),
(628, 19, 'สายพาน No.66 (หมา/เบนโดะ)', '0020020003201', 102, 0, 16, 0),
(629, 19, 'สายพาน No.67 (หมา/เบนโดะ)', '0020020003301', 104, 0, 16, 0),
(630, 19, 'สายพาน No.68 (หมา/เบนโดะ)', '0020020003401', 105, 0, 16, 0),
(631, 19, 'สายพาน No.69 (หมา/เบนโดะ)', '0020020003501', 107, 0, 16, 0),
(632, 19, 'สายพาน No.70 (หมา/เบนโดะ)', '0020020003601', 108, 0, 16, 0),
(633, 19, 'สายพาน No.71 (หมา/เบนโดะ)', '0020020003701', 110, 0, 16, 0),
(634, 19, 'สายพาน No.72 (หมา/เบนโดะ)', '0020020003801', 112, 0, 16, 0),
(635, 19, 'สายพาน No.73 (หมา/เบนโดะ)', '0020020003901', 113, 0, 16, 0),
(636, 19, 'สายพาน No.74 (หมา/เบนโดะ)', '0020020004001', 115, 0, 16, 0),
(637, 19, 'สายพาน No.75 (หมา/เบนโดะ)', '0020020004101', 116, 0, 16, 0),
(638, 19, 'สายพาน No.76 (หมา/เบนโดะ)', '0020020004201', 118, 0, 16, 0),
(639, 19, 'สายพาน No.77 (หมา/เบนโดะ)', '0020020004301', 119, 0, 16, 0),
(640, 19, 'สายพาน No.78 (หมา/เบนโดะ)', '0020020004401', 120, 0, 16, 0),
(641, 19, 'สายพาน No.79 (หมา/เบนโดะ)', '0020020004501', 122, 0, 16, 0),
(642, 19, 'สายพาน No.80 (หมา/เบนโดะ)', '0020020004601', 124, 0, 16, 0),
(643, 19, 'สายพาน No.81 (หมา/เบนโดะ)', '0020020004701', 126, 0, 16, 0),
(644, 19, 'สายพาน No.82 (หมา/เบนโดะ)', '0020020004801', 127, 0, 16, 0),
(645, 19, 'สายพาน No.83 (หมา/เบนโดะ)', '0020020004901', 129, 0, 16, 0),
(646, 19, 'สายพาน No.84 (หมา/เบนโดะ)', '0020020005001', 130, 0, 16, 0),
(647, 19, 'สายพาน No.85 (หมา/เบนโดะ)', '0020020005101', 132, 0, 16, 0),
(648, 19, 'สายพาน No.86 (หมา/เบนโดะ)', '0020020005201', 133, 0, 16, 0),
(649, 19, 'สายพาน No.87 (หมา/เบนโดะ)', '0020020005301', 135, 0, 16, 0),
(650, 19, 'สายพาน No.88 (หมา/เบนโดะ)', '0020020005401', 136, 0, 16, 0),
(651, 19, 'สายพาน No.89 (หมา/เบนโดะ)', '0020020005501', 138, 0, 16, 0),
(652, 19, 'สายพาน No.90 (หมา/เบนโดะ)', '0020020005601', 140, 0, 16, 0),
(653, 19, 'สายพาน No.91 (หมา/เบนโดะ)', '0020020005701', 141, 0, 16, 0),
(654, 19, 'สายพาน No.92 (หมา/เบนโดะ)', '0020020005801', 143, 0, 16, 0),
(655, 19, 'สายพาน No.93 (หมา/เบนโดะ)', '0020020005901', 144, 0, 16, 0),
(656, 19, 'สายพาน No.94 (หมา/เบนโดะ)', '0020020006001', 146, 0, 16, 0),
(657, 19, 'สายพาน No.95 (หมา/เบนโดะ)', '0020020006101', 147, 0, 16, 0),
(658, 19, 'สายพาน No.96 (หมา/เบนโดะ)', '0020020006201', 149, 0, 16, 0),
(659, 19, 'สายพาน No.97 (หมา/เบนโดะ)', '0020020006301', 150, 0, 16, 0),
(660, 19, 'สายพาน No.98 (หมา/เบนโดะ)', '0020020006401', 152, 0, 16, 0),
(661, 19, 'สายพาน No.99 (หมา/เบนโดะ)', '0020020006501', 153, 0, 16, 0),
(662, 19, 'สายพาน No.100 (หมา/เบนโดะ)', '0020020006601', 155, 0, 16, 0),
(663, 19, 'สายพาน No.110 (หมา/เบนโดะ)', '0020020006701', 170, 0, 16, 0),
(664, 19, 'สายพาน No.120 (หมา/เบนโดะ)', '0020020006801', 186, 0, 16, 0),
(665, 19, 'สายพาน No.130 (หมา/เบนโดะ)', '0020020006901', 201, 0, 16, 0),
(666, 19, 'สายพาน No.135 (หมา/เบนโดะ)', '0020020007701', 209, 0, 16, 0),
(667, 19, 'สายพาน No.140 (หมา/เบนโดะ)', '0020020007001', 217, 0, 16, 0),
(668, 19, 'สายพาน No.150 (หมา/เบนโดะ)', '0020020007101', 232, 0, 16, 0),
(669, 19, 'สายพาน No.160 (หมา/เบนโดะ)', '0020020007201', 248, 0, 16, 0),
(670, 19, 'สายพาน No.170 (หมา/เบนโดะ)', '0020020007301', 263, 0, 16, 0),
(671, 19, 'สายพาน No.180 (หมา/เบนโดะ)', '0020020007401', 279, 0, 16, 0),
(672, 19, 'สายพาน No.190 (หมา/เบนโดะ)', '0020020007501', 294, 0, 16, 0),
(673, 19, 'สายพาน No.200 (หมา/เบนโดะ)', '0020020007601', 310, 0, 16, 0),
(674, 19, 'สายพาน No.210 (หมา/เบนโดะ)', '0020020007801', 325, 0, 16, 0),
(675, 19, 'สายพาน No.220 (หมา/เบนโดะ)', '0020020007901', 341, 0, 16, 0),
(676, 19, 'สายพาน No.240 (หมา/เบนโดะ)', '0020020008001', 372, 0, 16, 0),
(677, 19, 'สายพาน No.250 (หมา/เบนโดะ)', '0020020008101', 387, 0, 16, 0),
(678, 19, 'สายพาน No.260 (หมา/เบนโดะ)', '0020020008201', 403, 0, 16, 0),
(679, 19, 'สายพาน No.270 (หมา/เบนโดะ)', '0020020008301', 418, 0, 16, 0),
(680, 19, 'สายพาน No.280 (หมา/เบนโดะ)', '0020020008401', 434, 0, 16, 0),
(681, 19, 'สายพาน No.290 (หมา/เบนโดะ)', '0020020008501', 449, 0, 16, 0),
(682, 19, 'สายพาน No.300 (หมา/เบนโดะ)', '0020020008601', 465, 0, 16, 0),
(683, 19, 'สายพาน No.310 (หมา/เบนโดะ)', '0020020008701', 480, 0, 16, 0),
(684, 19, 'สายพาน No.320 (หมา/เบนโดะ)', '0020020008801', 496, 0, 16, 0),
(685, 19, 'สายพาน No.330 (หมา/เบนโดะ)', '0020020008901', 511, 0, 16, 0),
(686, 19, 'สายพาน No.340 (หมา/เบนโดะ)', '0020020009001', 527, 0, 16, 0),
(687, 19, 'สายพาน No.350 (หมา/เบนโดะ)', '0020020009101', 542, 0, 16, 0),
(688, 19, 'สายพาน No.360 (หมา/เบนโดะ)', '0020020009201', 558, 0, 16, 0),
(689, 19, 'สายพาน No.370 (หมา/เบนโดะ)', '0020020009301', 573, 0, 16, 0),
(690, 19, 'สายพาน No.380 (หมา/เบนโดะ)', '0020020009401', 589, 0, 16, 0),
(691, 19, 'สายพาน No.390 (หมา/เบนโดะ)', '0020020009501', 604, 0, 16, 0),
(692, 19, 'สายพาน No.400 (หมา/เบนโดะ)', '0020020009601', 620, 0, 16, 0),
(693, 19, 'สายพาน No.410 (หมา/เบนโดะ)', '0020020009701', 635, 0, 16, 0),
(694, 19, 'สายพาน No.420 (หมา/เบนโดะ)', '0020020009801', 651, 0, 16, 0),
(695, 19, 'สายพาน No.430 (หมา/เบนโดะ)', '0020020009901', 666, 0, 16, 0),
(696, 19, 'สายพาน No.440 (หมา/เบนโดะ)', '0020020010001', 682, 0, 16, 0),
(697, 19, 'สายพาน No.450 (หมา/เบนโดะ)', '0020020010101', 697, 0, 16, 0),
(698, 19, 'สายพาน No.460 (หมา/เบนโดะ)', '0020020010201', 713, 0, 16, 0),
(699, 19, 'สายพาน No.470 (หมา/เบนโดะ)', '0020020010301', 728, 0, 16, 0),
(700, 19, 'สายพาน No.480 (หมา/เบนโดะ)', '0020020010401', 744, 0, 16, 0),
(701, 19, 'สายพาน No.490 (หมา/เบนโดะ)', '0020020010501', 759, 0, 16, 0),
(702, 19, 'สายพาน No.500 (หมา/เบนโดะ)', '0020020010601', 775, 0, 16, 0),
(703, 19, 'สายพาน No.510 (หมา/เบนโดะ)', '0020020010701', 790, 0, 16, 0),
(704, 19, 'สายพาน No.520 (หมา/เบนโดะ)', '0020020010801', 806, 0, 16, 0),
(705, 19, 'สายพาน No.530 (หมา/เบนโดะ)', '0020020010901', 821, 0, 16, 0),
(706, 19, 'สายพาน No.540 (หมา/เบนโดะ)', '0020020011001', 837, 0, 16, 0),
(707, 8, 'ต่อตรง 1 1/2\" ', '0010020006902', 15, 0, 16, 0),
(708, 20, 'อิฐบล็อก', '0010060000100', 6, 0, 16, 0),
(709, 20, 'อิฐแดง 2 รู', '0010060000200', 1, 0, 16, 0),
(710, 20, 'อิฐแดง 4 รู', '0010060000300', 1, 0, 16, 0),
(711, 20, 'อิฐช่องลม', '0010060000400', 10, 0, 16, 0);

-- --------------------------------------------------------

--
-- Table structure for table `select_bill`
--

CREATE TABLE `select_bill` (
  `id_select_bill` int(11) NOT NULL,
  `name_office` varchar(255) NOT NULL,
  `receipt_number` varchar(255) NOT NULL,
  `title_header` varchar(255) NOT NULL,
  `address` text NOT NULL,
  `detail1` text NOT NULL,
  `detail2` text NOT NULL
) ENGINE=InnoDB DEFAULT CHARSET=utf8;

--
-- Dumping data for table `select_bill`
--

INSERT INTO `select_bill` (`id_select_bill`, `name_office`, `receipt_number`, `title_header`, `address`, `detail1`, `detail2`) VALUES
(1, 'หจก. ปฐมกร ', '0-66352-58001-01-4', 'ใบเสร็จรับเงิน/ใบกำกับภาษี', '168 หมู่ที่ 9 ต.บางไผ่ อ.บางมูลนาก จ.พิจิตร 66120', '', '');

--
-- Indexes for dumped tables
--

--
-- Indexes for table `bill`
--
ALTER TABLE `bill`
  ADD PRIMARY KEY (`id_bill`);

--
-- Indexes for table `group_product`
--
ALTER TABLE `group_product`
  ADD PRIMARY KEY (`group_id`);

--
-- Indexes for table `listbuy`
--
ALTER TABLE `listbuy`
  ADD PRIMARY KEY (`id_buy`);

--
-- Indexes for table `member`
--
ALTER TABLE `member`
  ADD PRIMARY KEY (`User_id`);

--
-- Indexes for table `office`
--
ALTER TABLE `office`
  ADD PRIMARY KEY (`id_office`);

--
-- Indexes for table `product`
--
ALTER TABLE `product`
  ADD PRIMARY KEY (`id_product`);

--
-- Indexes for table `select_bill`
--
ALTER TABLE `select_bill`
  ADD PRIMARY KEY (`id_select_bill`);

--
-- AUTO_INCREMENT for dumped tables
--

--
-- AUTO_INCREMENT for table `bill`
--
ALTER TABLE `bill`
  MODIFY `id_bill` int(11) NOT NULL AUTO_INCREMENT, AUTO_INCREMENT=25;

--
-- AUTO_INCREMENT for table `group_product`
--
ALTER TABLE `group_product`
  MODIFY `group_id` int(11) NOT NULL AUTO_INCREMENT, AUTO_INCREMENT=21;

--
-- AUTO_INCREMENT for table `listbuy`
--
ALTER TABLE `listbuy`
  MODIFY `id_buy` int(11) NOT NULL AUTO_INCREMENT, AUTO_INCREMENT=152;

--
-- AUTO_INCREMENT for table `member`
--
ALTER TABLE `member`
  MODIFY `User_id` int(11) NOT NULL AUTO_INCREMENT, AUTO_INCREMENT=2;

--
-- AUTO_INCREMENT for table `office`
--
ALTER TABLE `office`
  MODIFY `id_office` int(11) NOT NULL AUTO_INCREMENT, AUTO_INCREMENT=25;

--
-- AUTO_INCREMENT for table `product`
--
ALTER TABLE `product`
  MODIFY `id_product` int(11) NOT NULL AUTO_INCREMENT, AUTO_INCREMENT=712;

--
-- AUTO_INCREMENT for table `select_bill`
--
ALTER TABLE `select_bill`
  MODIFY `id_select_bill` int(11) NOT NULL AUTO_INCREMENT, AUTO_INCREMENT=2;
COMMIT;

/*!40101 SET CHARACTER_SET_CLIENT=@OLD_CHARACTER_SET_CLIENT */;
/*!40101 SET CHARACTER_SET_RESULTS=@OLD_CHARACTER_SET_RESULTS */;
/*!40101 SET COLLATION_CONNECTION=@OLD_COLLATION_CONNECTION */;
